-- phpMyAdmin SQL Dump
-- version 4.8.5
-- https://www.phpmyadmin.net/
--
-- Hôte : 127.0.0.1:3306
-- Généré le :  mer. 05 fév. 2020 à 16:35
-- Version du serveur :  5.7.26
-- Version de PHP :  7.2.18

SET SQL_MODE = "NO_AUTO_VALUE_ON_ZERO";
SET AUTOCOMMIT = 0;
START TRANSACTION;
SET time_zone = "+00:00";


/*!40101 SET @OLD_CHARACTER_SET_CLIENT=@@CHARACTER_SET_CLIENT */;
/*!40101 SET @OLD_CHARACTER_SET_RESULTS=@@CHARACTER_SET_RESULTS */;
/*!40101 SET @OLD_COLLATION_CONNECTION=@@COLLATION_CONNECTION */;
/*!40101 SET NAMES utf8mb4 */;

--
-- Base de données :  `sirh`
--

-- --------------------------------------------------------

--
-- Structure de la table `categorie`
--

DROP TABLE IF EXISTS `categorie`;
CREATE TABLE IF NOT EXISTS `categorie` (
  `id` int(11) NOT NULL AUTO_INCREMENT,
  `libelle` varchar(255) COLLATE utf8mb4_unicode_ci NOT NULL,
  PRIMARY KEY (`id`)
) ENGINE=InnoDB AUTO_INCREMENT=6 DEFAULT CHARSET=utf8mb4 COLLATE=utf8mb4_unicode_ci;

--
-- Déchargement des données de la table `categorie`
--

INSERT INTO `categorie` (`id`, `libelle`) VALUES
(2, 'maîtrise'),
(3, 'exécution'),
(5, 'developer');

-- --------------------------------------------------------

--
-- Structure de la table `categorie_contrat`
--

DROP TABLE IF EXISTS `categorie_contrat`;
CREATE TABLE IF NOT EXISTS `categorie_contrat` (
  `categorie_id` int(11) NOT NULL,
  `contrat_id` int(11) NOT NULL,
  PRIMARY KEY (`categorie_id`,`contrat_id`),
  KEY `IDX_3FB73731BCF5E72D` (`categorie_id`),
  KEY `IDX_3FB737311823061F` (`contrat_id`)
) ENGINE=InnoDB DEFAULT CHARSET=utf8mb4 COLLATE=utf8mb4_unicode_ci;

--
-- Déchargement des données de la table `categorie_contrat`
--

INSERT INTO `categorie_contrat` (`categorie_id`, `contrat_id`) VALUES
(2, 15),
(2, 52),
(2, 54),
(3, 41),
(3, 52),
(3, 55),
(5, 52);

-- --------------------------------------------------------

--
-- Structure de la table `contrat`
--

DROP TABLE IF EXISTS `contrat`;
CREATE TABLE IF NOT EXISTS `contrat` (
  `id` int(11) NOT NULL AUTO_INCREMENT,
  `user_id` int(11) NOT NULL,
  `type` varchar(255) COLLATE utf8mb4_unicode_ci NOT NULL,
  `date_debut` datetime NOT NULL,
  `date_fin` datetime DEFAULT NULL,
  `actuel_salaire` double NOT NULL,
  `copie_contrat` varchar(255) COLLATE utf8mb4_unicode_ci DEFAULT NULL,
  `ref` varchar(255) COLLATE utf8mb4_unicode_ci NOT NULL,
  PRIMARY KEY (`id`),
  KEY `IDX_60349993A76ED395` (`user_id`)
) ENGINE=InnoDB AUTO_INCREMENT=56 DEFAULT CHARSET=utf8mb4 COLLATE=utf8mb4_unicode_ci;

--
-- Déchargement des données de la table `contrat`
--

INSERT INTO `contrat` (`id`, `user_id`, `type`, `date_debut`, `date_fin`, `actuel_salaire`, `copie_contrat`, `ref`) VALUES
(15, 1, 'cdd', '2019-12-24 10:22:57', '2019-12-24 10:22:57', 411, '11242c16dfded9c5e94a2230448b2184894e0bef.png', 'fff'),
(16, 1, 'cdd', '2019-12-24 11:31:50', '2019-12-24 11:31:50', 5555, '85ed1f18b8a31e54dfb7960de9fc982cfccf4e82.png', 'fff'),
(17, 1, 'cdi', '2019-12-24 11:33:28', '2019-12-24 11:33:28', 5222, '13cec2e552f0cde80dc9725db8089a910cbc6357.png', 'fff'),
(41, 1, 'cdd', '2019-12-27 15:57:00', '2019-12-27 15:57:00', 2555, '13ef3e8f5eb7771ca09775ee14869e04d94bbbc9.jpeg', 'fff'),
(42, 17, 'cdd', '2019-12-27 16:09:53', '2019-12-27 16:09:53', 1200, 'ca74df653b71bbf90085fbdf3458fd5034e2575c.jpeg', 'fff'),
(43, 19, 'cdd', '2019-12-27 16:13:36', '2019-12-27 16:13:36', 1200, '695734b560da0c9663087abdfa86f4fc51b85af7.jpeg', 'fff'),
(44, 23, 'cdd', '2020-01-02 09:53:02', '2020-01-02 09:53:02', 1200, '9465e9ebdeef12f22869002bb14805714fbdb5c8.jpeg', 'fff'),
(45, 56, 'cdd', '2020-01-16 16:48:20', '2020-01-16 16:48:20', 1200, 'f116dd7d4b5c3644a80f58e4aac82f8139553ff4.png', 'fff'),
(46, 2, 'CDI', '2020-01-29 11:07:15', '2020-01-29 11:07:15', 1200, 'e4140f1b85767f69990bbb9c7c261f434a3dad6e.jpeg', 'fff'),
(47, 56, 'CDI', '2020-01-29 11:39:07', '2020-01-29 11:39:07', 1050, '074da309a4f8b78118e3255c3d5411f0a00d6d7c.jpeg', 'fff'),
(48, 19, 'Stage', '2020-01-29 14:27:59', '2020-01-29 14:27:59', 1500, '080a0ec24c73944f987f95c4b8e1a32807d4dc5d.jpeg', 'fff'),
(49, 19, 'SIVP', '2020-01-29 14:40:15', '2020-01-29 14:40:15', 1700, '900f61bda103b979b8089421f92fc85ec923319a.jpeg', 'fff'),
(50, 19, 'CDD', '2020-01-29 15:21:42', '2020-01-29 15:21:42', 7111, '29f7bc8b899eab52d1a2455929465a68f6d37228.jpeg', 'fff'),
(51, 20, 'Stage', '2020-01-29 15:46:12', '2020-01-29 15:46:12', 25555, 'e3356bfe462a819c2fc1dc5ae37b7de538759866.jpeg', 'fff'),
(52, 2, 'SIVP', '2020-02-05 14:01:10', '2020-02-05 14:01:10', 1200, '4db3fef97f60a76c45e291fd023daf4f385c2f08.jpeg', 'fff'),
(54, 1, 'CDI', '2020-02-05 16:04:49', '2020-02-05 16:04:49', 1200, 'aa15396730beb850e825d5bd07bc555d0ce18600.jpeg', 'fff'),
(55, 2, 'CDI', '2020-02-05 16:06:09', '2020-02-05 16:06:09', 52222, '855647316ea47de2cd149676a714b8260ad8d6aa.jpeg', 'fff');

-- --------------------------------------------------------

--
-- Structure de la table `departement`
--

DROP TABLE IF EXISTS `departement`;
CREATE TABLE IF NOT EXISTS `departement` (
  `id` int(11) NOT NULL AUTO_INCREMENT,
  `libelle_departement` varchar(255) COLLATE utf8mb4_unicode_ci NOT NULL,
  PRIMARY KEY (`id`)
) ENGINE=InnoDB AUTO_INCREMENT=26 DEFAULT CHARSET=utf8mb4 COLLATE=utf8mb4_unicode_ci;

--
-- Déchargement des données de la table `departement`
--

INSERT INTO `departement` (`id`, `libelle_departement`) VALUES
(10, 'Les nouvelles technologies'),
(15, 'Recherche'),
(21, 'développement'),
(22, 'IT'),
(23, 'IT'),
(24, 'IT'),
(25, 'Digital');

-- --------------------------------------------------------

--
-- Structure de la table `diplome`
--

DROP TABLE IF EXISTS `diplome`;
CREATE TABLE IF NOT EXISTS `diplome` (
  `id` int(11) NOT NULL AUTO_INCREMENT,
  `user_id` int(11) DEFAULT NULL,
  `libelle` varchar(255) COLLATE utf8mb4_unicode_ci NOT NULL,
  `type` varchar(255) COLLATE utf8mb4_unicode_ci NOT NULL,
  `annee` datetime NOT NULL,
  `ecole` varchar(255) COLLATE utf8mb4_unicode_ci NOT NULL,
  PRIMARY KEY (`id`),
  KEY `IDX_EB4C4D4EA76ED395` (`user_id`)
) ENGINE=InnoDB AUTO_INCREMENT=85 DEFAULT CHARSET=utf8mb4 COLLATE=utf8mb4_unicode_ci;

--
-- Déchargement des données de la table `diplome`
--

INSERT INTO `diplome` (`id`, `user_id`, `libelle`, `type`, `annee`, `ecole`) VALUES
(1, 55, 'Licenece Fondamentale en informatique', 'Mastère', '2020-01-22 10:28:55', 'ULT'),
(3, 19, 'en im', 'Baccalauréat', '2020-01-22 13:40:39', 'isamm'),
(6, 55, 'Licence fondamentale en informatique', 'Licence', '2020-01-22 13:40:53', 'isamm'),
(7, 56, 'Ingénierie en génie logiciel', 'Ingénierie', '2019-12-05 23:00:00', 'Esprit'),
(8, 19, 'Formation en électronique', 'Baccalauréat', '2020-01-22 13:40:21', 'Centre Nabeul'),
(84, 20, 'Licence fondamentale en informatique', 'Ingénierie', '2020-01-23 15:54:07', 'isamm');

-- --------------------------------------------------------

--
-- Structure de la table `document`
--

DROP TABLE IF EXISTS `document`;
CREATE TABLE IF NOT EXISTS `document` (
  `id` int(11) NOT NULL AUTO_INCREMENT,
  `user_id` int(11) DEFAULT NULL,
  `libelle_document` varchar(255) COLLATE utf8mb4_unicode_ci NOT NULL,
  `type` varchar(255) COLLATE utf8mb4_unicode_ci NOT NULL,
  `image` varchar(255) COLLATE utf8mb4_unicode_ci DEFAULT NULL,
  `ref` varchar(255) COLLATE utf8mb4_unicode_ci NOT NULL,
  PRIMARY KEY (`id`),
  KEY `IDX_D8698A76A76ED395` (`user_id`)
) ENGINE=InnoDB AUTO_INCREMENT=26 DEFAULT CHARSET=utf8mb4 COLLATE=utf8mb4_unicode_ci;

--
-- Déchargement des données de la table `document`
--

INSERT INTO `document` (`id`, `user_id`, `libelle_document`, `type`, `image`, `ref`) VALUES
(12, NULL, 'attesttation de travail', 'hohlaaa', 'f94fbc93455e116677490ed94d2448c28de0a8a0.jpeg', 'test'),
(13, NULL, 'attesttation de présence', 'attesttation', '374f6844cba900d820d3a8c81d3cec0a7754addc.jpeg', 'test'),
(23, NULL, 'attesttation', 'hohlaaa', 'feed4a8a095955784822885b811a0f9c4730b9a9.jpeg', 'test'),
(25, NULL, 'attesttation', 'attesttation', '637080b17d79dbd33cf057399fd53248835fd919.jpeg', 'test');

-- --------------------------------------------------------

--
-- Structure de la table `equipe`
--

DROP TABLE IF EXISTS `equipe`;
CREATE TABLE IF NOT EXISTS `equipe` (
  `id` int(11) NOT NULL AUTO_INCREMENT,
  `nom` varchar(255) COLLATE utf8mb4_unicode_ci NOT NULL,
  `disponibilite` datetime NOT NULL,
  PRIMARY KEY (`id`)
) ENGINE=InnoDB DEFAULT CHARSET=utf8mb4 COLLATE=utf8mb4_unicode_ci;

-- --------------------------------------------------------

--
-- Structure de la table `experience`
--

DROP TABLE IF EXISTS `experience`;
CREATE TABLE IF NOT EXISTS `experience` (
  `id` int(11) NOT NULL AUTO_INCREMENT,
  `user_id` int(11) DEFAULT NULL,
  `type_id` int(11) DEFAULT NULL,
  `intitule` varchar(255) COLLATE utf8mb4_unicode_ci NOT NULL,
  `date_debut` datetime NOT NULL,
  `date_fin` datetime NOT NULL,
  PRIMARY KEY (`id`),
  KEY `IDX_590C103A76ED395` (`user_id`),
  KEY `IDX_590C103C54C8C93` (`type_id`)
) ENGINE=InnoDB AUTO_INCREMENT=63 DEFAULT CHARSET=utf8mb4 COLLATE=utf8mb4_unicode_ci;

--
-- Déchargement des données de la table `experience`
--

INSERT INTO `experience` (`id`, `user_id`, `type_id`, `intitule`, `date_debut`, `date_fin`) VALUES
(3, 3, NULL, 'Rh chez andex', '2020-01-20 00:00:00', '2020-01-25 00:00:00'),
(8, 56, NULL, 'Testeur', '2020-01-06 00:00:00', '2020-01-11 00:00:00'),
(41, 2, NULL, 'Développeur chez tedex', '2019-12-10 00:00:00', '2019-12-16 00:00:00'),
(53, 56, NULL, 'Développeur chez tedex', '2019-12-10 00:00:00', '2019-12-16 00:00:00'),
(58, 51, NULL, 'Testeur', '2020-01-17 00:00:00', '2020-01-06 00:00:00'),
(60, 23, NULL, 'Développeur chez tedex', '2019-12-10 00:00:00', '2019-12-25 00:00:00'),
(62, 1, NULL, 'Rh chez inspire', '2020-02-04 00:00:00', '2020-02-14 00:00:00');

-- --------------------------------------------------------

--
-- Structure de la table `migration_versions`
--

DROP TABLE IF EXISTS `migration_versions`;
CREATE TABLE IF NOT EXISTS `migration_versions` (
  `version` varchar(14) COLLATE utf8mb4_unicode_ci NOT NULL,
  `executed_at` datetime NOT NULL COMMENT '(DC2Type:datetime_immutable)',
  PRIMARY KEY (`version`)
) ENGINE=InnoDB DEFAULT CHARSET=utf8mb4 COLLATE=utf8mb4_unicode_ci;

--
-- Déchargement des données de la table `migration_versions`
--

INSERT INTO `migration_versions` (`version`, `executed_at`) VALUES
('20191218150945', '2019-12-18 15:11:36'),
('20191219092635', '2019-12-19 09:26:51'),
('20191220141821', '2019-12-20 14:18:41'),
('20200108161507', '2020-01-08 16:15:33');

-- --------------------------------------------------------

--
-- Structure de la table `poste`
--

DROP TABLE IF EXISTS `poste`;
CREATE TABLE IF NOT EXISTS `poste` (
  `id` int(11) NOT NULL AUTO_INCREMENT,
  `libelle_poste` varchar(255) COLLATE utf8mb4_unicode_ci NOT NULL,
  PRIMARY KEY (`id`)
) ENGINE=InnoDB AUTO_INCREMENT=32 DEFAULT CHARSET=utf8mb4 COLLATE=utf8mb4_unicode_ci;

--
-- Déchargement des données de la table `poste`
--

INSERT INTO `poste` (`id`, `libelle_poste`) VALUES
(20, 'admin'),
(22, 'Responsable RH'),
(23, 'Dev-back'),
(24, 'Dev-front'),
(26, 'DESIGNER'),
(27, 'dev'),
(28, 'developer'),
(29, 'DESIGNER'),
(31, 'admin');

-- --------------------------------------------------------

--
-- Structure de la table `refresh_tokens`
--

DROP TABLE IF EXISTS `refresh_tokens`;
CREATE TABLE IF NOT EXISTS `refresh_tokens` (
  `id` int(11) NOT NULL AUTO_INCREMENT,
  `refresh_token` varchar(128) COLLATE utf8mb4_unicode_ci NOT NULL,
  `username` varchar(255) COLLATE utf8mb4_unicode_ci NOT NULL,
  `valid` datetime NOT NULL,
  PRIMARY KEY (`id`),
  UNIQUE KEY `UNIQ_9BACE7E1C74F2195` (`refresh_token`)
) ENGINE=InnoDB AUTO_INCREMENT=514 DEFAULT CHARSET=utf8mb4 COLLATE=utf8mb4_unicode_ci;

--
-- Déchargement des données de la table `refresh_tokens`
--

INSERT INTO `refresh_tokens` (`id`, `refresh_token`, `username`, `valid`) VALUES
(1, 'c0490771060b3b715e3a5628fdfb1265c1be959409d93b57a52a20fca3e02ab27e1cadfc4000e5ad1d636e47c4846a12bbd00f67402644f2ae54208478b58e78', 'admin@admin.com', '2019-12-04 13:45:46'),
(2, '821518bed471fdc7c7a8675d126d23d5cb74a8c9a2e3f7891815aa74adf09a6e7611524be52fe3d37319ca814be47f675fce740c5f3ea175d06d64326b4163c5', 'admin@admin.com', '2019-12-04 14:03:12'),
(3, '15d39b04516ae042eb6963e9e4bb82ac412a704acd32b53fbb0519551f055c47309052f0dd52ffb76ceb3a881f52ed2467e1669da8c8697f345767e73dd1b017', 'admin@admin.com', '2019-12-04 14:54:11'),
(4, '9dbe3f683377b0ac0b0f2111176df661fb117bde90bc0ac83d81aeb1e92ed5eb22a94e580be1ce783313bb36d90dd301da1c8bed2eeb41195814298a01983be5', 'admin@admin.com', '2019-12-04 15:53:34'),
(5, 'ffc4f257696f5758c235b9798779829866b19c1327df8ae2e003e12975061e9158ba3de10c33e82e7b952e1f497844bfc5a753d9b5f4de565db28a4b7a75b971', 'admin@admin.com', '2019-12-05 11:15:39'),
(6, '4d1d4bec74c1d14b46005c01c3624825f2080aac886ec1e5b782b8bd5af37a1578c5643d2a240cef3dfe2eccc40aed6210dd6bff92d8348dc0a3d1c2869b5a27', 'admin@admin.com', '2019-12-05 12:16:28'),
(7, 'c64c3b19e147ff8d7905ad2e3d114ec8f5c503d2064e0302dcc8a82c08813b80cb422d11642dfd2869fd0352f4bab615031f6bf54b6d9d1c9d53ae00aed6bce6', 'admin@admin.com', '2019-12-05 12:17:42'),
(8, '8f3ccde4c4adc661d8cacca3729400888110ab94fdab0bae8f8fab8ea8e50720533bf4e1fe9a6321bdbafdb72c3016b16ecccce1d813fef4641fe30a48f01a46', 'admin@admin.com', '2019-12-05 12:32:16'),
(9, 'fe3843e33f941558fcaf7c09ecd53dd25c15af380dc2c7dc21d96cd35fa27e0b0f15307abbddea069b1016d1244b4cda780de706c36873c1e61353e71f143d39', 'admin@admin.com', '2019-12-05 12:32:52'),
(10, '6ca5e44d1178f7718386bdc1f56b3fc29facbc80545e362c3bcdbd967ad1cd27c7b2e497c365d0453ef1346eaab37e89a4eb6f3b068bd6bba0e235dc1a01d58c', 'admin@admin.com', '2019-12-05 12:37:08'),
(11, '44cbe0c52dd7050bdc00709e63fcb6a833f09ec37c8c52d63caa074e30c19e215a8746816c1b38f3747847142e3359661090df870ae7b1ec82ca7b90d91f4de8', 'admin@admin.com', '2019-12-05 12:42:16'),
(12, '6b4e9b4d87ef653b7741675f9e54433d277423f5c12cc996b63c63f7ab2db7deb5cfb020e09d28ff8c9370d5cfa0d9e6f8600335a37bbce95e072de864d6d390', 'admin@admin.com', '2019-12-05 13:07:16'),
(13, '57f8336b80100ecd9f4a4a5c03a3850a2e84256f6f5a40c3eb08f6a27b91fbd8cce5d8d70c70225607ebc6ba055f9fd7155ec2207020ee370409f7a65b89cf23', 'admin@admin.com', '2019-12-05 13:18:29'),
(14, 'd41c825bac601e89def8267a4baf0af3543488111008ee1c60319d355c8122ede52ccd2fb12c638dd748787956ad9eb52e29a2722c67fe96e0221e46132182de', 'admin@admin.com', '2019-12-05 14:10:32'),
(15, 'e3783ad5da57e09585c215d6a69c7105dcaf3f023c07a252cac20475d45b5c2a4088bd87471ae61e9dcfa01f905b0013e11181006eb6cac6946b0eb391e9010e', 'admin@admin.com', '2019-12-05 15:17:11'),
(16, '2da18a714421e505d14079c7a2a46b21c54f26d129151ee7afc55b1dffbf13b0b9e55097fe977b2a328b847ee09e825f39e3e35544c515fd07f210bd020edb6a', 'admin@admin.com', '2019-12-05 15:29:21'),
(17, 'b7ca496b0504bee0387825c79822be6d3c62165f66df2eaddb51eab50b6257070173dfd64ef8782e61631994b30cbc2dcd77be1939016c3d1304b1bb5b16bef1', 'admin@admin.com', '2019-12-05 15:31:31'),
(18, '6fb0a0629da4457682e0a6c25df68c9e7ea9395a7b53bea4ea301dba1c16eecaf4f73b13f415b454c5c9794b6a98c1dab30aae94f95d90b78c3e3f10ffb25e28', 'admin@admin.com', '2019-12-05 15:32:24'),
(19, '59dcbe938c3bf764a6268dad02714c6070b4c9594a41573c80f621e84db9e0357ed999d20b45889767dac800d06d0154f7bb9778a424a456d87e46dc360b86d3', 'admin@admin.com', '2019-12-05 15:33:06'),
(20, 'cdd5064c16884c406b76577acc14db5d864226e0c1f970992c0323072582c537ad762d12a48d1a00d6e9e4853219b7789cc1aecc4a44dc31a9a56466b458282b', 'admin@admin.com', '2019-12-05 15:34:01'),
(21, 'cc9bf6472b5203919cdc2d46493439b7be616693772ef0cbb30f84080ad15a1986e55b3fb37d9615f1e4efeb177cf35652a2f52d9afdeb5084243529a6ec0320', 'admin@admin.com', '2019-12-05 15:36:17'),
(22, '5cb8008af405932eae38e6a949c41dc9ffcc534c7936629e1d260eb451f1cffe3f2fe2737c2ec684df58bd692f17d8b542456d66944b143bc596baeb1163869a', 'admin@admin.com', '2019-12-05 15:38:51'),
(23, 'e493fe2b75b9db4b533d259d440aa4c090f1701e7671a98c59a4b81ce275be37bb3251f877d4271389142465f3825df2fc18a53b558fc0efc20ea98ff9443204', 'admin@admin.com', '2019-12-05 15:43:50'),
(24, '79b8285d63149ffbe1abf887a12aa6c0ece844213a1e9e94258b6c4350bed3b63934c02789700a06bf2e8e44a3374219db09ec5be7ef879242ef34feed85d6e2', 'admin@admin.com', '2019-12-05 15:44:31'),
(25, '7b23f416b4d021fa6a3687f7a484350421908d68e99f104818ff1466df69a818782391bcd94223e35503258cdfbc7ec21751634c450c23b23498399e1fc9cabd', 'admin@admin.com', '2019-12-05 15:45:17'),
(26, '77cf95cf701c7035b8f26c41af6cbc13a8397b75310b2218b8879b7b62c59e160087b02be20574df8fe88318c8c16114de64d2c41a59c8512d9dfeb9fd80f14f', 'admin@admin.com', '2019-12-05 15:47:33'),
(27, '3b8be573e41e19a61e0f0a98a10981cb8a504b9e8986d98af79335af318a98ea5aa531ff0cf99fee252f8be5b08ea4e4632e5d50d176e950fa34c991406428a8', 'admin@admin.com', '2019-12-05 15:49:35'),
(28, '2ce064839e05cfb5866f8c1c9d04e73ef705ecf67f675a276a43b414aad60c4118e472265dd6f7fb44bda71598ac54c9e1a9c42f1a28517d1a44a376b8dfe237', 'admin@admin.com', '2019-12-05 16:12:06'),
(29, '3beda581dc53bb6b4636df11b8cde93eec2e560a622525f699779bd5e81a97b3837613da7c7e955352119035d9605592d4508eba152405a75d3b48077aef7b6d', 'admin@admin.com', '2019-12-05 16:16:49'),
(30, '64b7eef174ee4c7e72559f84c4a37cbe3b6cb80a0384e8fe479eb37374160c8e018b8ee26cc996d69cad1a09c4164c0130458641d8b379d469b0f2cf8aef4c67', 'admin@admin.com', '2019-12-05 16:18:25'),
(31, '640eca92575f302b8f57670c49c489c2ada2d83c2886a150ba4907974412cd6a23679e5d82be0d73ca94babe6ab5b1e5350ed0bffc1ef89df074602fd23fe689', 'admin@admin.com', '2019-12-05 16:19:03'),
(32, 'ed55f5d68be3e09b08ce83278c3d1a0a77a142a5f5b5abbb6c08f02a393ac85c68ce8e5414017aadea1db4f4e891d672d22c56a4819ecf043740ffaaf61e9de5', 'admin@admin.com', '2019-12-05 16:19:19'),
(33, '56bc0bb8c2443666f3482b703723d3934b9d6468e09c1d0ce68eb6f990b9ac66a970d3560cf6216cc10b00f8867e69a251504530c0b65c3e86af80e1dfd00190', 'admin@admin.com', '2019-12-05 16:46:09'),
(34, 'b31b8050b20b4d80c537ed1400097ba2fe469dcc318ec5e6604af5d5a14545da27727c334ff3cbfc31579547a9e09bac3cdfedabea8a6480690e796c91a4cf1e', 'admin@admin.com', '2019-12-05 16:48:57'),
(35, '3f3e5121ee8cb4fb110ce5d2cf33e473175a9595d6cfcd7bdb00b7652d267f26f13ae24e3ec828f2ddd6e0e2361064119692aff211ae3aafd60bb57ce7f906c9', 'admin@admin.com', '2019-12-05 16:49:38'),
(36, '4cf10848d3a67553f22a6a2ed10c6a68fe1b841371b19816620925d45146d3e2314364930654f889f1b38911bef958a05bdcf7625ea8a371f49c3e24355dda30', 'admin@admin.com', '2019-12-05 16:51:04'),
(37, 'e4744a3238fced9c5cdb57927e2e2d3527e9600665afc84522e34ed8d9312729f0eef15e04f8ee8ff248f5eef87fb83c8e84d7297dc2c78325d0222a3a609583', 'admin@admin.com', '2019-12-05 17:59:31'),
(38, 'fae95dca3a75c2cb719adc318075d9e0f6c765f2102bd186ebb977504e1df93c2973465c5d8bda0d55a9625537a3b4204db1627983e8750fe25b32cd767dc7a2', 'admin@admin.com', '2019-12-06 08:38:23'),
(39, 'b7936846d04a8feb5fe52c8fe1064a721873ee0b9e35c00b03994a61e6c081226ad11611b4d3c0155048f55d4c60231b6042bd7d6783179696443cdbcb477e0d', 'admin@admin.com', '2019-12-06 16:53:47'),
(40, '5ac78d1b55f0b28adafd43ce27564d37fe3fe5068c88d35c340b988fb25e337ddd7bcf21b8ee6b546b8383afd158d9cca1c82a9a949aa5f0246100eecc3a10dc', 'admin@admin.com', '2019-12-08 14:36:23'),
(41, '2810bd2062086d49c6631cea82ac9bc6425572989caca2055fb491a87b447183a7bef4552a0cf7f6356e6c130ed778813f4964179be41d6f2f0fc7617aa98440', 'admin@admin.com', '2019-12-08 15:03:25'),
(42, '76d5ba4c117ab5c49215de324c6b5da8d8351659e011a8caf79aac9a8b87c39a57ea7e26454f40d21b3ff6761a8bac3e7be133e5fd80f69d1c48e11f7d8ba6c0', 'admin@admin.com', '2019-12-08 15:27:32'),
(43, '91cb272a04c984b334d52e8aae0902e163bac855d31112cf1ea8fa6946474164831997651bafb1c68db8b189a000f2a2be0cad32bf47fd916c479f78d82fbf82', 'admin@admin.com', '2019-12-08 15:42:09'),
(44, '22d9cee44a28876b888c1b99667eebb32248d120ca15cfafaf3475456cebec6bde568571b8fcb71b3098d16a3573f3ab60b838626f91851e19b880be4ce9ac55', 'admin@admin.com', '2019-12-08 20:03:33'),
(45, '5cbe8dfdba90c1647d02609e6fe1607f20827f7404a335fdcfb186a1814fc304bdc16fb540a6c2bfa62fbc737fdbf4bf59a3e2b3be9e807ad11194d7ff7847fc', 'admin@admin.com', '2019-12-21 08:50:57'),
(46, '9e8072e8fb71fc53a05dd1c82c65e871702953ac90a016d854e66e03468b054c83a3a3bad866ff0e5aa95b7c9c7874a6d8e5bc413f696ffcd476bdccd2a2f209', 'admin@admin.com', '2019-12-21 08:51:04'),
(47, 'eb3134b480d5513df62ea1899c54709f81c01553056d51a7c4bb6a87babfe627d9112543972c6547f1434b333efdbbfd61099461996f2fdabc069fe036965c8f', 'admin@admin.com', '2019-12-21 09:52:18'),
(48, '7205bcd7068a51a55078f3e8637352aee55d29a496e5c8e3eeb0c37ca51458e5cea5122428595c1d82847ed9b18f2f8b45b13a9c354cf99c4e9ba5e9749f28af', 'admin@admin.com', '2019-12-21 09:53:27'),
(49, '3755f1e38f563a8387225099eff9c686044382382897f0bcbab4bc7a9d53e79781d0d3b47cb9d9e88d59e8c77682edd97ad9090875464e95db05056885053caf', 'admin@admin.com', '2019-12-21 10:43:48'),
(50, 'df117778f85ab449204c1528d7636c8065535daee95cbd9a161640e3119225facc5b6a6a4dd70fc44155900e4fdd9e7e60994155cbb790de88007638ac0ba995', 'admin@admin.com', '2019-12-21 13:41:17'),
(51, '51605f98d54ac0817587bc88de2784539517061f9b412dfd346697d8fb7105a1fdbd65748f2c14a12b0c8d5c897e56daac48721b5b3101f84f9caabbb9c7e025', 'admin@admin.com', '2019-12-21 13:42:59'),
(52, 'f47e0faf406141b7223b16ac765cff6441f6f9b10267c3ecd3b74ea24845e03142da5468b73283f6271bab9405b8f4300b931199f8b60f4dadd62cd352fddd25', 'admin@admin.com', '2019-12-21 13:43:25'),
(53, '6ae41fdd60e7c10569b898a9cc4eee7887a40d97256cea5859c661b4862b0b766430b039bf31672ef45eeba781354848c60c45ec1f9f4886b34c64f8fb20779e', 'admin@admin.com', '2019-12-21 13:44:53'),
(54, 'fba6c392459077176b10d28729b91b5e29a1161e00b9be533545872cc256ad8deb60aac600425a08a2ab8c3d413665e6a4a8149d4a96c19dcfd126408959f8ab', 'admin@admin.com', '2019-12-21 13:45:10'),
(55, 'ea199e64fbecc45b560a83a3d805499da65b93c8d17f6047fbdae2ba0ce8ac2b5103c9591b152014eb84aa180421011b669b5f669fbfa76a5ba713b6217f1746', 'admin@admin.com', '2019-12-21 13:46:50'),
(56, '9fdc7e1413dcaeea1e7835955beda1afa41e2b53a1eaef682ffcee56a819bd35b0d60d204c154ccc91f4ed065e5d6e7ff5a05fd1e75ac6e7a91a85f4455fc710', 'admin@admin.com', '2019-12-21 13:50:00'),
(57, 'db51e4881ecc60b0968d94aae557b1a9efd975bc4f6cf9bb20c3ca0e1ee56614b010648cab5bcb498ff73ccbe9afc4af58df944cbd6d540727e7774fa5ac7f39', 'admin@admin.com', '2019-12-21 13:54:59'),
(58, 'f7f86d40fc2bdbc31ce003e1ffb61333849ad50275d7d3db9d9da78aa1d9f802bec10b9b991f3a95e8d57044fb54904e0f2d00bdeb9bcc7cc158a2e0a63f4ab4', 'admin@admin.com', '2019-12-21 13:55:59'),
(59, 'bc820e7ed119e936f9d62d1375662367f9de08539cb5f656dc18d4da78cda42e8f9887a489d4eec1f052c7b23c95e5f02074bd2cba23ae806ca1e01520ed1b38', 'admin@admin.com', '2019-12-21 13:57:29'),
(60, 'fbba9f3c8f4e029ca2ae590a78da3434bce36ca31643bff85433e6c967d3a27a16d82ba086eb47d27fc40aaadac2e2d29f08ad483812a1f23dbf2152286d546c', 'admin@admin.com', '2019-12-21 13:57:36'),
(61, 'f286d5188434e948e05b4776e0dbaf2fa12660dde02c2e1771181e8a71463af19a98891fe191126f00883f82f5143a48d86d6a045afa13126baca822d422624d', 'admin@admin.com', '2019-12-21 13:57:37'),
(62, 'e548b2600c113da3ed6f56ac2cef233d8b2516d1502547ddb438c128da1ee7a04f9650150387a9a95dd19947b1327fa484c7580ccb017f1531e114f5b356ef47', 'admin@admin.com', '2019-12-21 14:16:29'),
(63, '7ee5efb2425e53ab68bf805badeab8e6bb8d2e33404b497923e7337c1658b95ea3671d79045d3bb0321dc08b834257bf4bc41981ad75be39f0e143d1a27f32e3', 'admin@admin.com', '2019-12-21 14:16:32'),
(64, '7e9cc999cbc94bedaccd323ddbb049974f3e89cfb5e5f54bf7dc74f3478899de697f51f72f8c0299b19044bc016c5c8c18ed689ecc38b2973a9f4b6e77068474', 'admin@admin.com', '2019-12-21 15:35:01'),
(65, '930b46bd1d2fa6f97781dfc0c007352ee4ede1a1d64ac5d7c83fca506703b4047969147b4c274e62c346d041b367bf2409374e09a355085a5b729fb0284ca076', 'admin@admin.com', '2019-12-21 15:40:44'),
(66, 'cd718634935c0c253c304d53aa130f48bafdcc29b2390991d290537c817e377d1dbcb70750dee2cd24fd4383cb9e8fa69512e4480a9bad2295e576716a7ae594', 'admin@admin.com', '2019-12-21 15:44:19'),
(67, 'a7799539c16e2da19a10aa34818bae185afcbd602d06a640b14e3c40e5bdad7fc6ca5dacd7c4598bdb1215d830786314da49cd03154adb56286fa05c9a2fb1ac', 'admin@admin.com', '2019-12-21 15:56:57'),
(68, '4e64a9b9c243c04e06f1763a3fc78a4dd1b5441548069bcaa32b8574b323ea4f2921926ce8bf6e2559b3a28f1d3a9f6724cfc61f1bfce9ebef4321cf1381a24a', 'admin@admin.com', '2019-12-21 15:58:41'),
(69, '14964aa9a97a6b5d75c5c3f45dfe12a2ab4a4158649b647106b23cbd0dce8e799f5b6657fde8e300d7e0d6246d89d3b6dc81d50fc306e7586afedf1f292b4f65', 'admin@admin.com', '2019-12-21 15:59:43'),
(70, '04141668389b62c75ec3d831dda311c885544b70608daeffc4f3e578fc9446939b08b4e48d155e288256a621431caaf6c33b290928fba38b7b92c252f5df12f5', 'admin@admin.com', '2019-12-21 15:59:44'),
(71, 'ba185b6a30c2b01b2a6b71d9eb1e7869f43c4853ee46775e4bc9909c1dbca0cd41773c9cb05f6dd3a183ceea18ad30dbe50bb2bd3222f12daa771140bb55adfa', 'admin@admin.com', '2019-12-21 16:22:21'),
(72, 'c05957548c9d78e1597d5283ff9a99bd0919e3ac9d8ea12db4f138285e9b8dca335058e16508e513ba2ddd0b388e0aa937fd9ec31155c91fd88970f246a60d22', 'admin@admin.com', '2019-12-22 08:34:47'),
(73, 'dfdd25d41dd1af2c12410dbbb992ef96c0a6f4e49f7232cecdea53f3ca14f83397a45e051177467c213f778fef2272e6ca0b11f2bd2f17f3fb4f3e6588a7b37b', 'admin@admin.com', '2019-12-22 08:52:30'),
(74, 'd78e1b4d0c0c9a3a876b5dbc191005200783d75bd950982e86ebbb76a39dbf336812b233dcba59a29f5e36140f11a963ae09cad5febcdc49940da7e63a8b5dbf', 'admin@admin.com', '2019-12-22 09:08:48'),
(75, 'b5704c26a28f6465adce6a2fe3c25e06a6cb72521109f9acb3386e3177b41a3bb80a14750bd56fda1acde2ca989a307bbe1c66102281b27c68df9a1222a8227b', 'admin@admin.com', '2019-12-22 10:09:44'),
(76, '30e8e8597186a2d18e66a1d27351d81038c5f5b7fb60366b2cd872e3e8a33aee42cacea583065da5f63108b2690198a6f3f85511b7ba9c93ea92947b9675217d', 'admin@admin.com', '2019-12-22 10:14:05'),
(77, '203f0d4f854d15398f66d2a5719c346af94df6e7d452276623145af7a97f6a79f15fc07817c698fa895a260bee1f2164b51d922b94f0eec544e5dcbe19ec11fa', 'admin@admin.com', '2019-12-22 15:07:51'),
(78, '494d87e77e984f74e6bf578ff8b376c5f63ba2c757d42e7ee53c202691340781cd08a8223d166054b78c9f056ca835a95e0c74a9efda793acd87f9a2a3e54d29', 'admin@admin.com', '2019-12-25 08:59:57'),
(79, '29bdb5f091584d36aa8e248fda8530bbc7b005a8a1fb2755c37c8b1e9189abe7dea6c26935ef2702792cc63ec8938ecede64b5fc7bd4888b4e9936af56f58e00', 'admin@admin.com', '2019-12-25 09:43:56'),
(80, '475882a4cab4bc0985f77b3fcc73794f1c2c5eca8089bd73eeeba171cff451cb16d29cc007d9fdf89c77ce3f56b67fb2549bad4eae06ca41da99eb8388fa094b', 'admin@admin.com', '2019-12-25 09:57:01'),
(81, '371bfc88ae6ce1399aed2489f6f087d7f6d97efce31433584802a56507546ff803fa48de6f9babf558d3db953e570846a3532b87ec7631d797d6d85846f519f8', 'admin@admin.com', '2019-12-25 09:58:37'),
(82, 'fbe69aa94980c9541f46ee0485ed1c4db4e0c85f634897723287a3deba1883a69a4a32cfc75de8700b4bd5e163cace56695f57169c2ecb4a87c42da78e2c31fd', 'admin@admin.com', '2019-12-25 11:02:54'),
(83, '8fff6bf707e10d6982250087527d71332f2b0bcdeacbea3a7ece92bef797a728edce3cab28f0e995a2e782c36df3c9b4f20b4462018b7da38b3c8aecace1ef26', 'admin@admin.com', '2019-12-25 11:03:58'),
(84, 'e3b89cb7aab93b727340c6a76a79137638236e018be54fc409af7ad75af2a330f8008ca4cc96de9ead46565a170b1361a9cd55145445cd9bb11b759ea42957e9', 'admin@admin.com', '2019-12-25 13:19:15'),
(85, '671f99295a6441ebf77848e16acde215be69b1b0bc7e87061caa8d1c9e278b7cd9defea4d7ac2838788d4d3678ae2979024137c672304c57daa631347da86912', 'admin@admin.com', '2019-12-25 13:20:25'),
(86, '5f5ec99a20f8a49cb9e7febe4f978f801a2e96ec55e74a73e044211434c8728fbec0f4f7a1722ed7777ad457d3488a0a1a7861c5be4f4c222aa0764570571f4b', 'admin@admin.com', '2019-12-25 16:46:12'),
(87, '59dd031b8e9c1a6035fefb4bd7117e809194f8e17c522fe948d2ba6b479f37747758ec9be474a7a27c61b244c435735f5608847fd9627dfbaaec7ce097d2599e', 'admin@admin.com', '2019-12-25 16:47:35'),
(88, '185377dfd0ee0e0c7a1274dde71374fcae920b7d61378d5a8a051eef5872c68efdeb454d928d29f277c3a0d703e3d9f0590ba928d626c5cb26911b81c7e887d6', 'admin@admin.com', '2019-12-25 16:48:47'),
(89, '24a7f4c1ae0b2d4ebc1a347ce266fec116f02837377a330c35a90a657fb75b0626f911dc843dc78e738f90cee98469b1ed21ec74ae4699b0889dc6c4ff9b3231', 'admin@admin.com', '2019-12-25 16:50:26'),
(90, '07437ff91558637db6d61cc53e9bbd8042cda44dd28d0955a2b410b6b761fc606f5d827903ebf8ba030a349440b65e34cde0d259e86025ee1800def3d3a4c9c2', 'admin@admin.com', '2019-12-25 16:57:01'),
(91, '2ca44c149d17e7f3f1fa397de3c3d0f9784e2c33a83521db2687badc4c958870c9c6d9fd6bb9f094e42fcbe943c3458a626898ab2722a8aa621de8d36e70e05f', 'admin@admin.com', '2019-12-25 17:11:44'),
(92, '7c598295d9f9ffcb008e90aa799241cb2e7af707a0155ff872ffc2ea67e4c64773b720defd27925be391a43d0a5425a070b54f52f322d39065a16b6e0d11bb78', 'admin@admin.com', '2019-12-25 17:12:56'),
(93, '8754b6227f78667c0047f9c09017a256f72d440b40129f0adbd4562a53df2d7cf81fae056cafd652e86a8b3525c32715e72ec5c858b22ea660aa2e577c715b48', 'admin@admin.com', '2019-12-26 09:04:38'),
(94, 'fa20076ce714afc91bf1d009973a33c9df01ea1b8f5c5c75ecd24fc5cab84244b00a52c83955fcfed780647811611dc1c5be439c291b4be24a72211de2bb17c3', 'admin@admin.com', '2019-12-26 09:04:39'),
(95, 'c77cd091becf0d209fbecfd7d7b4cd11373d9fbbc4677f6699d932b2ee4be73c24ef18b06e003215235abf69e5d74fe42195cc2090b866b75063b8b725e873bd', 'admin@admin.com', '2019-12-26 10:06:22'),
(96, 'c655e3762f69c775358818ed7a6eef03ebe713558fd062032915f38823b775ed247db5e9e1edf16aed542b32a80b2f1db38eb57f5c69ec30462b2eae04705809', 'admin@admin.com', '2019-12-26 10:07:27'),
(97, '7a4b970b0d9a494fa4ba153d87d0baf2591937667b5fdf70d23ef826fe98066313acfb5bb0dbdab6eda021fa5b1ca6180e54489692a28a732e656cdf73604dc1', 'admin@admin.com', '2019-12-26 10:09:14'),
(98, 'ddf2e12682c5b07863f5b91e8bebf18a89e3bc45c61508dfa59143d28f9d19fd5c0804cc2388f5aceb1cde5f4a909fc9133d065540407153cc0442aea0fcd978', 'admin@admin.com', '2019-12-26 11:06:06'),
(99, '80b2a8e0b0afb653cc8a22c391ea3adbf8c8d56fe397625b3cbbe823c3057e1624da8db7b1ca804e1049418af4610e6dbdbf8b3551528a2ec3c3ad2ae0ae969c', 'admin@admin.com', '2019-12-26 11:06:08'),
(100, 'e5d1f0658328f455200104dfb51fc71b37f1bcdb196c755296c2f74db0b8a352486093eaef957d14d33ace8de30273c89e0c78a64d69fc972bb39a0a8e59bed0', 'admin@admin.com', '2019-12-26 13:00:46'),
(101, '31c83af9911aff9fed95633d15521a842b579e87e2423bbbf18be202fd27e14a4f3dcff03e9a0acb9d6afff8aed106c443c427c636e305d3a7339814b11d300d', 'admin@admin.com', '2019-12-26 14:21:32'),
(102, '34c18bde383cce3af816bd29d5ae06c624b04478dc49cdc8dcc5f7a4ebdb6b0426410bb2ea5e5a3ba82c4515a562d0b794d5318b130e434005791298c04ba577', 'admin@admin.com', '2019-12-26 14:28:52'),
(103, '04b44a83f55f12a9964b106f75469449d366d472fda541b57b4d6ce077eaf3c944d0cfadfe6d4254047dcdb948b888da3d48228cab6380de60542ecdae6b49a7', 'admin@admin.com', '2019-12-26 14:28:53'),
(104, 'f192ff2bf59e207dcc82aa2322b74ff50b540346f16f9230bde47776a63081763aa680377edecdfbf3bd9e71c4ed4b59382bfccf663ba320810c45c522ffea91', 'admin@admin.com', '2019-12-26 14:42:24'),
(105, 'f692f939fb72044985cd2e6cf81316439c74a0a1a53fb3adb9e0ba55a39c5e9f519dec758f7a1f72b3ae66a4deac40c0501ec16e398c1dc3a2c9600d50ce26f4', 'admin@admin.com', '2019-12-26 14:42:25'),
(106, '1248adefc4f5a3ff83dcd88a2fc96acb9bcd0be990ef3256ce529ffe08a9227ec1eda76e5655a9daf8f2e23ed2e971ddc1cfc2525ac013b585c8a8fa542f6183', 'admin@admin.com', '2019-12-26 16:54:19'),
(107, 'c4bf9e46f2d9670fc02d9051c5fc30d9bcb7ba1e28c23488ade3ba211d590888adde9c99791ed1cfedd3b369640217077da59c1aecac6b3310113c5fa28b3348', 'admin@admin.com', '2019-12-27 11:11:25'),
(108, 'b598e077a9930e2b9ee831de06e79fb1ecde6dda9704a0f23f3d3addec25bc8da58baad3e67df1505d13bdb26bdc4637f1ed3ea9528f23b1718fdbe255c66be9', 'admin@admin.com', '2019-12-27 12:12:17'),
(109, '545ed8fb0705311fbe23a25b5651116f3d1d5a22d2ee996f9313493074b3d2c2bf25474a97a81b877483616b4175289aaf13f2c06f8370fb043eea292666024e', 'admin@admin.com', '2019-12-27 14:21:49'),
(110, 'ba7a8fc4c3c44975305370e5cc7d9ac216f65d1eaf5cf6c1a4fa3871df80295a1e67cde7b0b8b92232d3b296453eaf6d80954b53faf36b273329cc4d791e586a', 'admin@admin.com', '2019-12-27 15:22:08'),
(111, '6b252b3a9330de2993fa3482d9e5a61a3d52f95fbf9da8842214100a41e486557ab2c29462c1af92a021a12fb4921efce501c3259b57db80b0123f4590ba69b8', 'admin@admin.com', '2019-12-27 15:22:10'),
(112, 'f5858580bd5cd1dd0e1f207be00669c89a57abec5b4cd18d3fe4eefbe1afee3d14cd949dc3ee7cb990aac6ef469096e641ff021a1bbd0e0f3f70b385256d51ca', 'admin@admin.com', '2019-12-27 15:46:21'),
(113, 'e8d9022bfcdfa826ec6082388c300fdc8fa7458f986bed7318f1c9a359e0017a9813dcf3bb1b5dc17cefd6303439fbeac3359be40df0afda7c1be6b51ff40064', 'admin@admin.com', '2019-12-27 16:38:40'),
(114, '8dc2ce902017508929a3777a897d2d8561e3b58c43c46910841ad9812f87514c4e759aab3a0e6a61190c460a69df58a878444ba36c2495b021f3a2d0e3d8feb8', 'admin1@admin.com', '2019-12-27 16:46:55'),
(115, 'd0d62e6f549e10a0d2d72d73b29ebf8fbcb58f5e0a1b1abd1da86914666d448bb5e37a8732ff002b71050ed0403542f620d4bdc59e2832468c24775e9f0a4807', 'admin1@admin.com', '2019-12-27 16:50:46'),
(116, '6949ad7f1bbec080f40130d9a177b0fd164eb13abb1c29d9400c22f365fe193549a988345fa9b266706a005762075ed2e4d236f1a530cc4b8e2bcb0c5334c3ee', 'admin@admin.com', '2019-12-27 17:17:34'),
(117, '65afcf84545be43651a1e7110d6422527a023329dba386cbb27e569db119ef6d846aaea6d7c671434a1df7781f03f3e4f47f4951d18f5a63eeccc83cd77d98e8', 'admin@admin.com', '2019-12-28 09:03:36'),
(118, '25a09d3a7c9c51364e334b0f5b89c743a25adc388409f0a81259b65b37e5568d2c9ff69cb2b10bf4e5487e9d582822bfa1d6bb33ab0464190a9abd90a6ff163f', 'admin@admin.com', '2019-12-28 09:03:38'),
(119, '193a6b68ec96dc98fad8ed482c09a227409d1a264a77156a62abc867e184e51640e4c667f2b6e46685dd23081bf5af7faa3a782045c19db348117077c8d1facd', 'admin@admin.com', '2019-12-28 10:06:44'),
(120, 'ed8c2aba8b07f7907b1f89944207633dac9ed0dfd1ca89a22b274a7f4e0e9e81a9ed14e3218b09728ddcb5b8558806d5876abb262cdce5900ce360297ece370d', 'admin@admin.com', '2019-12-28 10:10:03'),
(121, 'dedf06880869b00251c9bf8cdadab64c6e5fd3af2cfa71bac128bd34b92c6c86da0c7d5d3e354957b6413d5d6e75389d01244449bc359f74b926fcfc8f035b85', 'admin@admin.com', '2019-12-28 10:10:04'),
(122, 'e99035e4a62878f84edfbffdecb00eb4ff48c552be7ba2442d665f3e2e1ae7723985f9abe9e71068bec8a2991d88898b4663da9687420d7e0e5539953061a7a0', 'admin@admin.com', '2019-12-28 11:19:49'),
(123, '8c43c1481ff05ca7656431f69597a8fa0409b2ab519756ec8b39c2a841fff20feb55a645c10d35a785bf95d068ef0d8f9107f243face97d5712798e244c299d4', 'admin@admin.com', '2019-12-28 17:03:29'),
(124, 'b5954b02db8f677681a3180a1bffbf997acc49c69fc9e703d3cda67067cc8496136f8f8801e99feb5437806281953e0013678386fd9d56edcffa09f70ae6db56', 'admin1@admin.com', '2019-12-28 17:07:56'),
(125, 'c0943c0be99050d0bcf1695254e64e903ad7a8b2650299daeabe2eb6bed8a7008077c7de132df479bcef8c31ea7cb33763643beac0e38d02dfd6cd455e609fa4', 'admin1@admin.com', '2019-12-29 00:23:47'),
(126, '7723396375ac79728b0ce37fb5e0bab0683e5be0b515e25c52e6b72ca751b2dd986f6ecc1c370d2f3ae4296c8f3301315695fd910865bbbf8613632dc2da51c5', 'admin@admin.com', '2019-12-29 00:47:02'),
(127, '7aa53a00a198a0c67504446639460b96837fdaa3bdc85ff2ecc79952f38fa9d8ba465578958448fbb2af6f82c693a3b6ff425551567d2c517fdfbe555c274f93', 'admin1@admin.com', '2019-12-29 11:24:48'),
(128, '930cc04ded95ebff97755c70892a322366f6d23c924851778c3728deb3b4e248d15e13ff3edcf106740b237b40f01fc25b93eb9c18f99eeb8a9b6c2b20d75129', 'admin@admin.com', '2019-12-29 13:39:42'),
(129, '4cf3e33026886e4dfc24dc2ff7fe370bea46f0377091a98d2662139bc7a6ba3d1b69e5d4f5d23ae5e9a86b96eeed8937b6d3e63c6d983d36475c3ca0dc76ea93', 'admin@admin.com', '2019-12-29 14:10:54'),
(130, '0379fb54342c946d9af63e3e2c3aacedc3f7d6206b971e40b851ae57b53a4104eece7c26a23cdbf7197cfa614866309dc9f6f5aa28b9e8cc7622b6c33abdbffb', 'admin@admin.com', '2019-12-29 14:10:59'),
(131, '9f38989261815429bc0bd2565ed715948fa41bf5ea536e2280ba5fc98016b71de60ae498f0d3787f1ab213693952e1755503739d382f96a72819e206fbff6416', 'admin@admin.com', '2019-12-29 15:13:48'),
(132, '2a0454014027bf274c0d86ed9aef2a0329c619f8fee8cc960066c103b82e982de5b05a04c5ef5834f8b77e54230d95a93be9d31cd0c047c321f2362fe000182c', 'admin@admin.com', '2019-12-29 15:13:51'),
(133, '1e900e4f3a9987c94ee6aa7a1e85d2de576d46b3968fbe213c4c80ffa3ea1fdd74361573a2ec9fb52c74cde6621d26f3c6b5230456d95b6000184afcbccf6015', 'admin@admin.com', '2019-12-29 16:16:46'),
(134, 'f366fa42c2a39220054d0a5e80ed8140a839beed3ff71d7f8f53636aeba9ad015199fd4e207634576d23329e301da7455766b1238aff88396d571ac5105fd337', 'admin@admin.com', '2019-12-29 16:16:49'),
(135, 'dbe17f493f263aaa645de86adf103193127020b467770932888aad4ea85d46bd1c116d09a96bf2470b3b8d6b1bbf6cae130b0923f9918ca11588632e676b6f7c', 'admin@admin.com', '2019-12-29 17:17:25'),
(136, 'c56a33187fc90ec6f4d58b3a64a387f0fc068eac1a2fc986ee8862ea973f14dc2886204534b0ef5ee8f59f2e32291d724909a697b9f414c207d36ba9d81d05bb', 'admin@admin.com', '2019-12-29 17:22:04'),
(137, '133bbc2973f3936436949e16e29f93c8329fb9b7a629ddc09959203554855e7fbcf17ead01b792d723caaeb17077e6df127b9206f2f54ae9976aa4f35d326e42', 'admin1@admin.com', '2019-12-29 17:53:21'),
(138, 'b3039c36e2554645e3156a3ef56f2fd104304eab561053e266c616cfcde0a6861e2612d84b4283a5b9cfa0d0041b2becd31e057c5e4a261ca0e1f3d288daa9b0', 'admin@admin.com', '2019-12-29 23:32:54'),
(139, 'af94643beb945558807397dc7cc8384e74de95b40bfb7dac9be473ea37acddcc5a0bed8ab42cad283daf1feaafb86f695c5e2f339b2a37639882e5658a3b9d13', 'admin@admin.com', '2020-01-01 08:54:43'),
(140, 'ae264d1ed0f38afdb379b9f906b38b74fd7c3f3aedf39cda04a57a7787d032633bba14833adcc9fc1ac0df4d81c0303dc68d91d2dfe5fd416f66dc60efffc95f', 'admin1@admin.com', '2020-01-01 08:59:59'),
(141, 'b610b39607d5d6c1aa54f89412959f8dd66cb9ec6a774f65771d5709d028dd2643c7c058cc464bf029025a8a67f8e94ab6859bb49fe012d149ee61ee5dffafce', 'fffffffff@ffff.com', '2020-01-01 09:01:53'),
(142, '4ae0161b06f9dfb0beb10b036153c74ff1a0a5b4ed39603b63aa074658b00e148c3bec084c68b8d590b7fef1355c678578282da2278f7a55a716d70ccee61c77', 'mahdi.mahdi@gmail.com', '2020-01-01 09:08:03'),
(143, 'fded33287d3b842b028ce1372c473b42668c532b359cec3e53047edc5c6909b25f5ec91d4644729276d1e83caf32f7d8554609bcadaf56a2daefa3d069f3b85a', 'admin@admin.com', '2020-01-01 09:59:07'),
(144, '7b2866cb3e1fa9db403d3cd9db2b56e6d6c12c3837e3036780f5b8a4ce706295e51e1a29694b2877dcdd0393f8b6d1a8dd0b5ea2da88024b08afa9f569eb0a24', 'admin@admin.com', '2020-01-01 11:23:55'),
(145, 'ba76b16ab14ff9baa05079a36ca832d17a8035040870c9c124209c8404d5fc33784ebed5a38bcbc4e7511570a9aba70216386d45730b8d907905bde838039e34', 'admin@admin.com', '2020-01-01 13:25:00'),
(146, '3153441bc58b4579ca7fdc06f6829a2b39be07f0c2f436c4becda34079fc55feed2d2d360f2997bfca7729c637eda48651c6265bc571272e9ba425ee9e07212b', 'admin@admin.com', '2020-01-01 14:30:36'),
(147, 'a03bd1b24cb9e5d8dbc16ce17e9814dc5fbf622e24b6c3eda03489866aeaa474e8ef6301cf4d87fc6f2cebf0f52129b5ec8c6c662482c872da006a625b35dd50', 'admin@admin.com', '2020-01-01 15:04:05'),
(148, '45a0de99698149b62e193bc0ad152dc180f394767225eb322a6d038ee42bcb5eeac7f87b46e4888d01e65c5c9efd4351824e3968b92b345faef4b647e52c0246', 'admin@admin.com', '2020-01-01 16:08:41'),
(149, '0da06797a15dea8e05a908ee8c0ef1f8bb2d7d147d8c9fac3c1e7f0bafdb363ae76e917a6776ab087ecf46b1c289061aa9e18bc818f793795be69f3dbb45b24a', 'admin@admin.com', '2020-01-02 09:53:13'),
(150, '2554ba73f03257c05ac8c406a4828532608457991d41556f1093ec1776b3093dec43e7a46436c34a778d09eb8691d889ba69c9b6b1ef2877df0493d28ef30df1', 'mahdi.mahdi@gmail.com', '2020-01-02 10:26:36'),
(151, '483dd0c34b32b5721477da3ff6272b7592289a1271eee74ff523b65a217e0ff9c206503dcea4ec7f758284c7c1001ca20aa23da1a2ce24d6557282337e049916', 'admin@admin.com', '2020-01-02 11:09:33'),
(152, '87c490bc793105ef6867a8fc1fd25007ce88b3005e9514f158aa5920fcef49907e46a9775f941434590c9467efccebc9f6e619c5ea5763a95a60bf7093f3b631', 'admin@admin.com', '2020-01-02 12:48:47'),
(153, '506faa3885dd28e74b383c20590542866d9bcf1fd0b3a9d211cd1baa085bda839275c5d09356d0e2cf109ac00417c8bb30aabeb098119661489152ef3543f537', 'mahdi.mahdi@gmail.com', '2020-01-02 14:02:32'),
(154, 'b44e7ca12e043c25d09f810cfb64cc213d0d0ca0332cc5c535953134d694e9c5b053b81e0236b37aa811c833c422d614858c3af9668f3faacde6481f04439fcd', 'admin@admin.com', '2020-01-02 14:11:12'),
(155, '532645ba39dbe496b4ab13406cb5ec0501a4112e8b7a72753a96b02941c3c09d454a17f752f79dbd4974bfe44caf99679250128ee0ebeae7d4bd279d9547afe8', 'admin@admin.com', '2020-01-02 15:01:29'),
(156, '88e14f572b057e9a7ccf4a6b8355c59e8c4d0f92a109fd115255f17eb3584ea9036a092cbf328a15a49015503a709c73406a991f0500c79ad62352874f5d41dc', 'admin@admin.com', '2020-01-02 16:11:54'),
(157, '3d725b135b19e5a5f862751f1d91907ffdc57c453ce9ba3a8602cacf66bdc9f2232f6decab60f512713f253dd2b10ad4ea7461c2833b5478658cfdffb23bf772', 'admin@admin.com', '2020-01-02 17:12:57'),
(158, 'a6466b84f76219f269cba35f2b84ea28e9961425f4aa8b02d6b1d1d8fcae61fa683a836e8ad571112dfb75eb389ece980973d0150c1f736e4cd07787c737d25f', 'admin@admin.com', '2020-01-03 09:19:40'),
(159, '59106da095378976634679fcaa82d31aeb058a78b7827a7acc4b90bc25a5c3320591b9960786877e0468ac9688272ebc2dbb09d2ba37739bbe537789798e76ef', 'admin@admin.com', '2020-01-03 10:47:21'),
(160, 'c5ca7398952ab2e34e749c675754c171deebf2bb6fd431e551b41c1afd3d718a5306b913fdf40caf35a4c49251d9e1d0191d3ec84dcc4443dfefa6588b2231d7', 'admin@admin.com', '2020-01-03 13:12:32'),
(161, '4640d2e6350b688bde3ce7c5f949c66ca19f6bd7c4463c6242b699973f75075ad2ca41912bd063ec68358553ad69eec3105c25add9d22765f6e7f7a9cde3a776', 'admin@admin.com', '2020-01-03 13:12:33'),
(162, '31525d6b2efda0db647c7225a665495b0556831409435c11721809c273fc84ee6fa97d021b4712cbf7a502a02ad7a25e697f0d9c641fc0affd686066cc3c7884', 'admin@admin.com', '2020-01-03 14:43:10'),
(163, '654e845c64fe35b0bba115f90da3fd3e356ecaf3170665ebee21da19b4e20ac156fcab91715bc76aebca24bef74391697a2e896a5fa015b07adcf2f401f34bf3', 'admin@admin.com', '2020-01-03 15:06:19'),
(164, '59ddde426e5849df7f84acba7568791ce6f185792e6f5bfb7d6a3f2bfb3eb54f831f9795350680443304294c5eb6d18c67c3402884a826048540b39a82d02260', 'admin@admin.com', '2020-01-03 15:51:03'),
(165, '83750dc3d220dc51b81f6d68efb7d8104b0cf3d359f95ce1d655c870139b9992f41e27623ecd1ea0766d9c324d38dd51940fb7da856d36ed4e623eda4b4789f0', 'admin@admin.com', '2020-01-03 16:06:56'),
(166, '026e33914047de23036d3ad56b9701c2fd7f517a91319e967aaeb575e33b1e80b452cd964d848502a8ac3a2da091ad5aac644a40e60e7430c4463daac56fc380', 'admin@admin.com', '2020-01-04 09:26:45'),
(167, '36a9b1326e475193a6007c1ada04c13e69cc1e11bef074a02a49170f22b7a7ba45d4f5ba6ee9a2d094a4f9524a10409734c33c86e0e4e8d46d21292b27582dc9', 'admin@admin.com', '2020-01-04 10:25:00'),
(168, '0b1903514befce4359493dac6574bcf7cbf33376b20ffadcb875256a9c54f3f8cc1bf0e39beb5d10f87258f6585859a964cbc4dcf5de0f8b7ca2b3b5e9c93c72', 'admin@admin.com', '2020-01-04 11:28:41'),
(169, '77f3688b0d3b4df53899b4e47974f8f5883cc9db44f69ba7894d3022d0b4d71b638f2b58cf4c519f53e670ba3795b1116cae33afa98a0577e424dce6e14ab6bb', 'admin@admin.com', '2020-01-04 13:26:27'),
(170, 'b32f3e1ed0ac58f7a13ff6d4ddb828f5a2f3d63baa5c55fb04b87f8a60079ad027f5bcb2b5c56fbde6bee17bcb224064921ff8082f0b89ea53560dccf779a86a', 'admin@admin.com', '2020-01-04 13:26:29'),
(171, '5f026fcd5f65cc83b87a43ee509aa397f0c5ba814eeb038d93b02942f8113a1f7e11eb83a6bc0c7681063e247c4768a724732e3e112ed4130b44c060b4c75bb9', 'admin@admin.com', '2020-01-04 13:26:29'),
(172, '37db45cc2f3aabbfffdf0fe8014b1f2a19b22f6ccc58d90267a25f5fb442606ed2f210aec3c3d807ea29b731f126fa1ac6c58ebaff88daf25e33eef3833630fc', 'admin@admin.com', '2020-01-04 14:28:23'),
(173, '93c114f7a299873e1772926ba035b7aad836beb86e3079b7c7fe22f2dd9852d58cc85f67973c9921765286d35799c2264a79b4c5a529b394d61a14086110a133', 'admin@admin.com', '2020-01-04 15:26:12'),
(174, 'e0be932a23e50092fcc9a8b6ef17ff4d4f22c098dbb409a8b1f12d1c2eda6eb7b7ff7f1f8e7bd4b674e8dd6a238ddc5f1b4af7fceda09df457f40137a387f085', 'admin@admin.com', '2020-01-04 15:43:50'),
(175, '0ea382c1295a8efb18dbc0b2d8cc85885dc6013ef4ab5058877b679dc56427077516e95e519376bc6a3d66f5aa7c5d55fb82988aed6c98847d1703bea007b76e', 'admin@admin.com', '2020-01-04 16:45:09'),
(176, 'bc067a7056cb1d9d84ae01ecd10e3f13ab9d8a9758d4435ad9f3aed9d52a0c50bb869fce2fdabcc97097a9c8aab29a55f57a831fb40805d67b7f155e734e49bf', 'admin@admin.com', '2020-01-05 09:27:11'),
(177, '92e27d719abe940b0e0c4622baaa5aa3a5833032ec94918139ff194754c0cf06f7317225a9cb2f9c3c38ca4a6f4c05a95153ddd06f6df2070f7e08201021a476', 'admin@admin.com', '2020-01-05 09:52:58'),
(178, '80e76782a6933be145d847bcf8ca1c3b066415a8f3a31f2e48260ae09885bba26dea161281de4815bb4fe141e505e67a06d31d4bef599d63653781cce9116692', 'admin@admin.com', '2020-01-05 10:31:49'),
(179, '8819546a1e266830c5da5c35a1bb6b0df1abbbfeff873aadcf796aae68fcbf8e3334b05c44fc7061e43e735701f377b77a5e1ba9da1b97334965c93c0435e05b', 'admin@admin.com', '2020-01-05 10:31:50'),
(180, '5dadd04080bf3b0419d075221e172c0e39b91e5017b4b798b10b7ffa272bdebb96f54ead480b9e8fbc57dd76a23b4eff0c3daea6e62703ccf4e3ae961e1a5a91', 'admin@admin.com', '2020-01-05 10:31:51'),
(181, '5f35281a73b7b7385b55ed47272044378a30b36f55ea7c2f66e36cab9387e98a9c4c95d3f84375eeefc5275e7b8ef28139909d1d7c7e2271045f85406b145340', 'admin@admin.com', '2020-01-05 11:09:46'),
(182, '4501a42c416f5806415d06cc38bf7f2101c13bcd00d7e995486081cb2adbdb75f1df6e7568a3c1d6b519369f5daf08c78a6da88aa18e9a78ddc519a2f81fa5d9', 'admin@admin.com', '2020-01-05 11:32:25'),
(183, '4f157532d1f2dceae708b425ee14ae10b5e185143632f5c21c900194e7183cc5adb3b41400a9b32ce38aa725c657fad0123c89621965278c3b004780c89cb038', 'admin@admin.com', '2020-01-05 13:13:11'),
(184, 'b1a654206a4ee732eb295f8660fa28247aa84506e21f54f3c9408a92a1ee9597c1438c4eeb266d9e96d72fdad775bace02323a5bf9aa4e09ff0de5a8295df635', 'admin@admin.com', '2020-01-05 13:45:06'),
(185, 'a8a2165fdb46bc5f459feb04ae699ae471534e4e97c4554e3f41c32dc62aa37fe9c6d3efcc227019e42b728e3e5b35abb4f0e710e36a0cff20b881f7fe60e7a5', 'admin@admin.com', '2020-01-05 14:23:25'),
(186, '76d2411fced2b1164396bd19e0b8ba0efd29098b03a91e793c1413770dd5b15f0a8f07f0c2abf407c44bb7c74ba75cc654150e1ca6fc187a6ec9ace215b128f1', 'admin@admin.com', '2020-01-05 15:04:49'),
(187, '9446f3fa3783ff95f884833d8b8799959c3abc472653ae012b0223cb4b22ecf1f45ad90b31cc41d5ef42e36bdade9ad7bfb286a6a133bcf0bdd1fb15098c4359', 'admin@admin.com', '2020-01-05 15:35:18'),
(188, '7bf257b68822d324b7637969c31b47427f93bb35c4e671f355010a18c342e7934847dbeca74b87afc4799fdbad2446d037b77263f16765dac1e2f79867aa67a4', 'admin@admin.com', '2020-01-05 16:00:17'),
(189, '58fa9c4d756a42d2a325ff805a84c169554aee23e8e9f5b7aa71a50cdee430c521331a105ac5d087c6a0a9624c4c49df6d040e719f8877ddf58a1c9ffd1b47e2', 'admin@admin.com', '2020-01-05 16:22:45'),
(190, 'a066aca471d1f141c28bab56d75484f98e2136f5be2c9ee580488428554fb8ddd2cf3d2fa629561c2036b8c3cf7741f6c4e634a0123bc5c90d73c22284ca70c4', 'admin@admin.com', '2020-01-09 09:06:39'),
(191, '8111d4202a0c42bc0091ecec12a135ad82e1d0f68a529a33e4e1fc8ce6e0e589d0932a1bd86cbcf3359431d79a56d6063f66ac1e38adb7cb97309b2c0d7820e0', 'admin@admin.com', '2020-01-09 09:18:25'),
(192, '7f031519703d7e0dce2d672e55425848c6daf56c267a908e731314788fa6b1e2185c24d5334d7b85037cb244e73d87a157029d89b28ebf66fe007f7fc3c3838f', 'admin@admin.com', '2020-01-09 10:23:35'),
(193, 'bd3e22b97c5a36871cae79727febb59869127c9506caadc94dd6690547e01ab3dbc990288843d39a2f0c395f4f287951dcd39131b7969994c664b6cf840dd45f', 'admin@admin.com', '2020-01-09 11:08:29'),
(194, 'ea83c6545a54fe28080ab245047cf9c45b78fd30dacc79646f20046f39156479b865aa5c464e7b374eb41bc35ae8fc3982fd5334969a1d4acc45d6c34a947d38', 'admin@admin.com', '2020-01-09 11:25:18'),
(195, '9833f62b6f35d6bb365e9e5413928192299658cbdc050957c7bd430f566fb0981dc1bd372265aa11e49660506fcf5d19c3ece25fceb10f6213ba271ffc6ab143', 'admin@admin.com', '2020-01-09 13:05:16'),
(196, '21b3fb2dfed05486c53242ac12117197cd221c5e451ad588a43b744ee1fb9624df1484ef367164bf0d614008d8e572bd78a1fdce067ca69baf363ba1a2b15a74', 'admin@admin.com', '2020-01-09 14:09:02'),
(197, 'f81c70b19789f4c7737ca67876e7f47ba9891a8233bf9d1ef28439c06ab7004131998f88b71bbe5872d40942c18a3fe033275b4b2f8e3f998ff0cf36390cf291', 'admin@admin.com', '2020-01-09 14:21:23'),
(198, '3563305f69ceb8de3d2c05c9da0f875213efb9cf7cdd3c78a0f037f366fb6976cccdc10447242d989a980b384e574ea1af56c7c6e3c43673a83bee13867a1743', 'admin@admin.com', '2020-01-09 15:46:34'),
(199, '2fab60fa2933d3f0a7e93bad781c3b153611e8a9263546cf238cb1efcf885e618d2079d2d94a29b88a172457600883431594e24f6db6da34bbd89bf8c4bb9993', 'admin@admin.com', '2020-01-09 16:04:05'),
(200, 'acd14d54fa1636b431689f616a16921cf82e9ac7d0aadd1c2226687d48bb57aed4da0145df91f921eef1d9077ee339063500d53efb5126e1a26baccf376b36a0', 'admin@admin.com', '2020-01-09 17:05:11'),
(201, '74f37099b92133ead1b8385555f4b6f342eb5b7395f4358533b100508ede624fef626e8b9fab26cd19e6bdb4a471d3f64e23fadab372d449fb1ddd1795a9dcc1', 'admin@admin.com', '2020-01-10 08:57:28'),
(202, '4b7c079ec5b5658cd7caac192569fed9be0ea36b93827c1de78a3e1054e30727ba1f4d65a7eba0a791f8de2bae54cc5e828367a86bc971d846a815e3e523d035', 'admin@admin.com', '2020-01-10 08:57:31'),
(203, 'dab7f7e6344b9e836224aee0b0bf707694a44b4858208629bb24860fa429c8625b13b6832d67cbdb4546b78fb506a2a66be9ba0b4d1a20b24bf17a5df2593df0', 'admin@admin.com', '2020-01-10 09:58:36'),
(204, '0333655c3297a53ffba2652ff56c25ead31ebc71ca118a6e9d836e4d5906ff7222e828516b2593b246a8c2768c1cc7cbe57a29ac40290519cfb8741ccc010206', 'admin@admin.com', '2020-01-10 11:26:27'),
(205, 'bb49d8915db82eb94720de69b604b3312c2e1951c1e509aead4a375b1c4c06b00767b36ffb8eafe29620efcc14da46fb5f5f5703f1c2344289cbaeab0d8e41b7', 'admin@admin.com', '2020-01-10 12:27:11'),
(206, 'b9b85b71e6b3c11c2ed279ab15c65f13fbfa3b8e242f3d34f57f42a7d21a26eaccf63051ddfec3d2f547acd5369dfcedccf217ef5807dfa8105f3ad5e6b23b95', 'admin@admin.com', '2020-01-10 14:01:40'),
(207, '7ce641561bd867dd9756d4654129581119556e796dce04ba0deeda1d29ea47f8c5d6819a69cf957a2428e47aa2cb285d36b5b5b92a1f1ad6cede2e67ff5714f3', 'admin@admin.com', '2020-01-10 14:01:41'),
(208, '997e8c8af5f541e3c5e2d1d86e696fd3be68a90f478531b90beadd069819bb747e21ff92cbcfd2ed5d550b2f7a8d66801dcceb938af4598ab19d44319b945b0b', 'admin@admin.com', '2020-01-10 14:49:06'),
(209, '09919e0a0d483bb92f6f91e293f193a75d404c93e43b37c19de6c6714dc9912e4da745295df66b0125a933f4c13caec342e0cc503089bd8c9278c13a52c111ee', 'admin@admin.com', '2020-01-10 15:01:22'),
(210, 'df0d28b979322a55c81ddfacae2dfaac26a9a590b04029b214e249bb1bc0f9e466f5f35d87c5f675bfec938fec96d8b03c199a3b035dc835ebd26e0b492c1f2e', 'admin@admin.com', '2020-01-10 15:02:15'),
(211, '705b74d70c3e196a9a1e2ac80a394a0cd270a52cbebb12afcf7d5d4439e59633b30bc70b09a4fee5fa06b568b231400691c24593ab3fc28bcfe6b6a4e7150427', 'admin@admin.com', '2020-01-10 16:03:06'),
(212, 'b2004ace977351f2f41977e3e184d6300534fb03395a313fd954d0fae9564bb031122a2b64b30e61d1a2c06b6c9135741a990bd913c249ce50115c954b58bd49', 'admin@admin.com', '2020-01-10 16:35:38'),
(213, 'e0e0a3d0b0e28d3d38f1563b3c65d90d1d293a77a7180d61649dbcf20c2331bb10a00f4cebfdb0b6864fee2e0c93bc4918dc6ce36ca57946578835b5e7917655', 'admin@admin.com', '2020-01-10 17:03:28'),
(214, '9517c1127322682b991168842e282648056f4dfdd936309f329530a43bfa2e382d5a71446976ac93322651255e4a50aba0cebca6357b6f99e97ce9a5bcd463fb', 'admin@admin.com', '2020-01-11 08:44:20'),
(215, '72d07b9830e827e1d7215886856b5aa46ffddcd7e9b47e73d77d05dad48faafb45eb94878b6342b479c9ed811313670c7f249df924588ea9d37b21674fd4df37', 'admin@admin.com', '2020-01-11 09:46:38'),
(216, '85f37552b1dcb25200ecad248b859e7e6611a1da3ea6214ce5c8731cd7648d422ef528025d6b259a2ebedf0815da863adf8202bf12551880c92542c1a9e85305', 'admin@admin.com', '2020-01-11 09:52:36'),
(217, 'b09166d28f7bcf67b33a86a6dddd038dfd035c91a5e3b76dec06946fa63f1efc1eba90ffda444f5ddb7804742b6340858d35de718b3dc12decaf51e61f3e432c', 'admin@admin.com', '2020-01-11 10:42:55'),
(218, '1ea4e2fd445de5038b79a6c0d171202f63c5b5bbf3c32d4f54aebaffe924d4696dbd48e93ebc42195f6916a26a3b37f74751323b774d91723811660dc594cdef', 'admin@admin.com', '2020-01-11 10:42:55'),
(219, '5affe9eb17ad7fd70964d203cc562ca7885e44136a7c535e5ec38048c73e1096311d0f14c8c7df9fecad1d9f7947d73f9480e138c195f9c2eba8a049d8b57b64', 'admin@admin.com', '2020-01-11 10:42:56'),
(220, '9f718a2d47122b39b67ad8fbe17f6be3daec8a730373be685ea2d3b231a9f5575ed4f48032634e6774bb16ccd0b120e52e084a313da06c957d890005ff3922c5', 'admin@admin.com', '2020-01-11 14:08:15'),
(221, 'a5067af969cfa02419dfd03ba34441449a255f0903a87f10636f6eeca87bd799c8e6545178839ad78d8386829af8294dd1aa407ee7d8b296787269aa42144d9c', 'admin@admin.com', '2020-01-11 14:08:16'),
(222, 'c328a734ac56d41aa7d76e58bdee1bebcb1bd10ee343bc92787e359f86bdb78259e57c069f40920de476437a3b43847621c9eb89942f6aa3147e701509065bad', 'admin@admin.com', '2020-01-11 14:08:17'),
(223, '6e3ec31df2ca39bcd02755f6201fda604378b5a6c28ee7ebc49f941babe92a4aa4e6dcdd4723cb7cf22061c8d6fa7793d1c9bf217c7cf394e05106633501b718', 'admin@admin.com', '2020-01-11 14:09:56'),
(224, 'bc3edeba3a0233c984909e01d09c8236b7549f7f52a7b4f14e05fe41d51bc13fd249cb162a4d634f1c2a942b77386955155115a88021aec923542640b3120be9', 'admin@admin.com', '2020-01-11 14:41:41'),
(225, '27becdae17413031cf8226148dd721d5c5e5fa7d88fd67fe90df866aa9bab8ee6a79007efd364edc4db831c8d7d886e5ef5d1e2046c001404d105e8dbcb0c373', 'admin@admin.com', '2020-01-11 14:41:45'),
(226, 'a73e435df764fb149900b97fc16d21cca44146d3e1d71aceaeed76aed84075f741b66abf4e5de64e12e7482b745ea8721e1eb57c9541ec68af91b8e40d4ff052', 'admin@admin.com', '2020-01-12 09:08:13'),
(227, '86f46604d845af565480127d0a1bda134eb329c08ca51032fb67c4f9ade59485201c04edb3cca84df2d4225b4fc1bd32f3e3bddbe79e4120276f30b0e8ebba54', 'admin@admin.com', '2020-01-12 10:09:59'),
(228, 'fa4eba8de192553654c0c24beb5bbd915300089cc2357e454101f49199875dd5b7f1b683f8ed17ab14bd2036943eb03242a1ee9b072a871e4783bea28961d289', 'admin@admin.com', '2020-01-12 11:35:22'),
(229, '5eda09dd7aa72ac9c86b0c6ec1eda4399e6b7c905e058ef39e3bf11c431bd56f4fd203c5e2232a963dd9420ffce5d57de7c32b293615f10c6a7681211eb02a25', 'admin@admin.com', '2020-01-12 11:46:38'),
(230, '227a89881b94a46fc039ccc1ec3531b4c7f0254bb7aca40063072ddbdaabd04a046431872ea0037974fba22e068e621a06ee11696a96a70d2e91c28142da460c', 'admin@admin.com', '2020-01-12 13:27:10'),
(231, 'af08a8468f53aca6c047d350859d3f915fd92594d675fb74b4e392bfd2815e9c598df63bd91b977bfcd66d1e13e7e64296860f953a13cf65fde85e60462e03fc', 'admin@admin.com', '2020-01-12 14:23:41'),
(232, 'b0288f40caacc6092992e2ecd3371b5a41d3cc3617eb7093095e4f9ce7ac90d4f56dd77e48967db6b757db8fde236770633e7d99c9af7d95b5bfa6fdb6355e98', 'admin@admin.com', '2020-01-12 14:30:15'),
(233, '4d00ad1b6ce7b7d33ff136c4c5a7ff19460f2223ec9d74f73c8b6b4b3ac4174837669f538a3b7eb98f3370ce43bb094e6324715b58c77cfdbe2a67b28fc3b919', 'admin@admin.com', '2020-01-12 14:47:40'),
(234, 'c2d5f66f84c2a645bc86786f5fa9d629ad0fb3ad32f4fb2faabab282324c63f58040834d5c743e59c44a06527e4023e4f8c675f345b1acf6d6b92d50ca5ed064', 'admin@admin.com', '2020-01-12 16:00:21'),
(235, 'b5ea779465eeac3bcb06e251dcbd5ac7cf45378efc81eaf3a674dc966e94334087f6ba5ef6ccd2eb53b2735559cfc6d282d2e2e075628e8a825bf91906e23de5', 'admin@admin.com', '2020-01-12 16:39:03'),
(236, '471bc2da42711b15d896828f7e31ad3159e0ae53707ef14cff574d0c373c3fe3645b68df0bc77b68b69cfb8468c44a70175f1ab370a3ba1131297287777b4c7e', 'admin@admin.com', '2020-01-15 09:06:28'),
(237, 'ea21636e69ca996d81865380474ebb4ef42f88f9f8df1f9e231e265ad6b94ae3c2420066fc330a27527da58ed755dec1a8fdbc3b9665a60981b28a3097d43b66', 'admin@admin.com', '2020-01-15 10:12:52'),
(238, '121ce688116e1187b38c86c8bc87c5b4b9f46c4bef67df89634eddf48cd2f0ac7a16f971f62e1c0900527cebc8920c14cd1028b0aa81c895df649a99696f65ca', 'admin@admin.com', '2020-01-15 10:43:02'),
(239, '794ad138024825d15959ac468d46b679e6691e4a0fc53a4e805acfb9a67f9fdbd8fa44d94e9e3c7bc489a2652381767f68777da38c885ff5aa3345e7e8846d50', 'admin@admin.com', '2020-01-15 11:14:15'),
(240, '4986841ee8539ee47129925454c695508fb8c43e56e9c1aa2be1d83aee2bdb811363045c713a4e8b1493e4f07d9fda8a5131628697eafb99910d06ea7e464cf3', 'admin@admin.com', '2020-01-15 11:54:30'),
(241, 'b19222912e71e4cd1215eef235ef8a7b897209fdd63a0aec20d12bc736c04343b4e66a2e3d714b14b15e8ed490eb76da48cf6d1aa5851333b1dfbd9cbd68c88f', 'admin@admin.com', '2020-01-15 13:28:45'),
(242, 'f5de1feeb2d47d3576ea4197b51eb1aa51ec697030d5ab196fb848351c39a10de12588faa67b4d98db8ba513af75fae42dea26241546b7876f98a5e031f54b11', 'admin@admin.com', '2020-01-15 13:29:51'),
(243, '6defd071f664ece6ceb6569589847117173f271bb12653c6ac784eb761d0c74671b41a51d12fb13295753749cc08dc2f377cb984dc34e8ca2b2d30e6a08ac05f', 'admin@admin.com', '2020-01-15 14:46:46'),
(244, '0fdba8ff04b8daacae0303917956e9b29a0f51d6b446a30eee14b5fff23157c348089dbaea6afbe3b8a6a9de4dfea702e749129f6726a4f13b2e511a81a8c4d9', 'admin@admin.com', '2020-01-15 15:25:07'),
(245, '3fcad163e3d3da9988476db2bd4e359eed460086b1abfe0ec0555717e0224b6bc68d5e927f627d46f456bedd0ea8356c1ecf74cb4f3130a8e3443bb052b65c79', 'admin@admin.com', '2020-01-15 15:52:22'),
(246, '6c75031cc8f2f6807967db35bc895e0b1579571526d29faa668219f888d4f9dec44f155bd6a9bdd7354772c6de5c102ad4d558256b6755e2190bef42076a7fcb', 'admin@admin.com', '2020-01-17 08:59:07'),
(247, '170ba819ddd6b6493663f0e1b58a8f98989fb0f71120c66004a9b5c1df852a8422c45edc5d03393fab88d5454264f077b184ee598195478c266261083ef01055', 'admin@admin.com', '2020-01-17 09:59:39'),
(248, '40a97a9c64e6eef459060d5e8dc14bd99d0a8b09e583dd38c5b37d5926630333735ab0b06b0e80b8e14dfc526dbd7a2cfaa052a166ae2a0efa984962d8b7c4a0', 'admin@admin.com', '2020-01-17 10:05:23'),
(249, 'd173af51ddb5ebeb5b4518376a571716c7ff222e4abc48e79c6777e973482a489779d2a45c49032ddbeaebc70f4f5f562e8b425a04d695b015646af94f41cab7', 'admin@admin.com', '2020-01-17 12:44:23'),
(250, 'd672569bc629c56c1e5ec9621c6b2ff2ec3448fc892b9e0509b74c1bd3a87a93fca482d3640a7642025b22e3a634d3116d03d94fd7a549763100dcaa34d7e51c', 'admin@admin.com', '2020-01-17 13:53:47'),
(251, '1ca1f0e7a64a4d22d70fe298ecda20da8dcbd26634587ecbcb59e55474e7af8f93499a0e1cf4762a47bf8024c3cfa39c327d1d3d71c054b0facd15a3762f3d34', 'admin@admin.com', '2020-01-17 15:06:10'),
(252, 'ce1baf0a6cbce24c16926439555cdced7e3864ad80f7f9ced3a5e9a91c5d7c3f67326edfb74709c0ccfe9717196324d3320468b119e3b7bf2862a09cf9a86eee', 'admin@admin.com', '2020-01-17 15:21:11'),
(253, '4ecbc22a80d351b58ed548ac5be1023e55b10e17b1cdb922ad23e582b0d0e99efecce9ace80339684821ef3e94a0eebb5d4b69150d5b43f68245472234b8557c', 'admin@admin.com', '2020-01-17 16:07:03'),
(254, '2d6a2a2a42f48a138308db4d96090ba493997def8879c09dc804028c3c55ef8dad46c0635e81b193a041ce5151d4cef46a921ddeea4e77b308932db6b8a29b0c', 'admin@admin.com', '2020-01-17 16:41:42'),
(255, '7a0c53cf216c9ff1d78771509405941334b5e99dbf7c37fe2cb5d41ab3d2e10bcbcca9b3622fdac89edefda81af62d4d5d8c2c993c72207bb68ee7306973ea2d', 'admin@admin.com', '2020-01-17 17:11:34'),
(256, 'aa0e98a49c7b23d58b896ac470fac067e930e4027101e2f5203b996501aefe646bbaf953bc485e63c46c6a7aa4c429e5ba6835d179649fd3755523b924abf5fd', 'admin@admin.com', '2020-01-18 09:02:04'),
(257, 'bf53ce10d49545b3241bb64e9d711e172580294c8a0d3bc9c383ae21c4c3aaee8ea0afcf88ee27f2fb8214f87d32a636303ae7aca50ef50c34551630ef65054d', 'admin@admin.com', '2020-01-18 09:28:51'),
(258, 'b30385802ef57a2e22484f33c17d98c287b4141ef9694c82c5f47239e3f345bcdcbfcaa99c53ea84deb673353fa43157de3c90996d3ae6259d7cc2a7ffbeb215', 'admin@admin.com', '2020-01-18 10:07:41'),
(259, 'ad070f2816fe330ee1c3b8b988fc4a33874cb5556d977256a4be934e9b25661880d5c87dd7cce2cc6d6ea55a55c4d24c9ce082aad0c3dd1d404c4e6721ecbe2e', 'admin@admin.com', '2020-01-18 11:05:47'),
(260, '8060222894f6cc3381a03208a43203c58a8e64a90385a0da744bb86a10ed1a9ef21430ecfd754f59e33ab2fc1026dcad61f0538f0397d2732e2d37938f6d8c72', 'admin@admin.com', '2020-01-18 11:09:12'),
(261, '4b0bfe615a08af10c0248601852ac3a5c7c791d8b38bfc0c2c6d42c37cf634b87dbd938b323ae1b2783f7d843bb7f294e7924a6cc7795af6d8f3403ddfd56eb6', 'admin@admin.com', '2020-01-18 13:08:50'),
(262, '9bdbcf98bfc59bec9517d6d49350253f7edfa81178cbaffa99a47a481dd5e953dcc2e03234f4238ddfae6245a02e6d99441e310d8bb33ba7af0cca1de62b74f3', 'admin@admin.com', '2020-01-18 13:08:51'),
(263, 'fabbfa0ac5c00afcb4bfae5bc1005e1772d2174cd5e814ec258226c2f18ccc1d73a7df1d45eac8d7f82b47e174f69a9954668f7714a5b3c3c01b338a9809b60f', 'admin@admin.com', '2020-01-18 13:59:19'),
(264, 'edd08f1343a41cead5b8f548271e63a61cb9da7005582f418eb0df4c0293770a765ba659219cedc41e348591f69028c9b5c20c21ebdcf8ec6bebb08dbdaa3937', 'admin@admin.com', '2020-01-18 15:46:06'),
(265, '6e5469c5d0a25c79199d24b540cb12de68b245d0a90c0c86b1f8f38818237449840af67684912188d72cc7cd8e1e37ecad7e4322f7734e3fbe129b4aa5338563', 'admin@admin.com', '2020-01-18 16:44:48'),
(266, 'd8c37297c3cb52c98793d51241ec5bfea2de3b4c61d30b4c2c4460d9dd30a8f72d67b56bdedda85084cc24e82312d46ed99fa6d3aa72a4d8fd4e382ba143f677', 'admin@admin.com', '2020-01-19 09:25:04'),
(267, 'bb6b6762bee3ff9b4f1f5a9c9808c27ef984aa54315f1e5a305db00acff9f4f42ca617700f64d28c6eed9888a954d2a783fefb0164e1dab08b8275672f55af34', 'admin@admin.com', '2020-01-19 09:25:05'),
(268, '9a32a634febd380f2fd4d3abbc211a7d90d3c89db008ddc13c972710e31d9bead64fd8d3d66124128b374e22ce0c652d497346bcde81b68fe4be73b12e05851d', 'admin@admin.com', '2020-01-19 10:17:40'),
(269, '7f3733d6339fc6a20883c43cb1abc52c8eb4c62c230ca9a2e46e1c902f04812ae125875bff29d63cb764231b0b0960150aee67e0b0c1ae281fc6194607c80633', 'admin@admin.com', '2020-01-19 14:07:06'),
(270, '9583bbe1e3204f5ebac744e1cfd173037f7a8385c0ef5a8734efef4dfc5109c44b83be44e984afb92e5bd1642a0ce9b7e02a353a0b0b9042ab7d5f41b5dfca07', 'admin@admin.com', '2020-01-19 15:12:18'),
(271, '88cf97d21c4f477f3bba7027c8f575b428dad446de2c701b3b21b9217c7cf0a5d91903cdf67835aa1fbb5eb15edc9e18da695150b629c8ba0878de352bf823b2', 'admin@admin.com', '2020-01-19 16:07:37'),
(272, '2ca10dc236e48a7b46dc7b8a07ae85140a450f19f402f6fd1af296619438448ddb1d447cf6d91efaf091875879b75a34e09f9dcfda23616aa6e3d702065fd3a7', 'admin@admin.com', '2020-01-22 08:39:22'),
(273, '1b055dacd77d47dc54ef384a09564cf4d4f1c8f2963c84805a17f8668edfe9f1309cc9c9a4ef525d414317fa46d5b201128b2bd679611bf9164b7e5ede99ee95', 'admin@admin.com', '2020-01-22 08:47:55'),
(274, '0289f0a921515cb82ea68a4e961085079c1d7d757a0cd76931ae1db01e300ad9ed828f6af4979533fa58e8706d88ed9d8248a5e019341f8347ba5df768b51415', 'admin@admin.com', '2020-01-22 11:02:26'),
(275, 'b993beb63dc70e069cfb259f4eb19d31e7f83883a76dcec4d310d61cd6130be9d4b0e5f108e27d9a81899b9b8a854cf650fbaa45323e4ab7b96aa873277bd09d', 'admin@admin.com', '2020-01-22 13:09:01'),
(276, 'a0fcd434d5726ce3d225cbcdb4064ae29d8b2fb61922d916fbb44cc48bfdee21f35cce6680485835062d653d16bb346daf4e0ac2eac1da9e6968da3650564d76', 'admin@admin.com', '2020-01-22 13:20:44'),
(277, '5fc35a9c1602bd1fb9e24d04c0d0abb5f6ea58823d6d575442a62320c800ac7992b0fb071fd56e97f44bd98d253f7c49298f17f92fd2ac332e4695eeb2045687', 'admin@admin.com', '2020-01-22 16:00:50'),
(278, 'bb7357ea809ac77a78e4c955d4bcc434d4a57b735d3b67b8654d57cebed81e3364a63b5b99100709b66362613404861ce9e4cf940e3c0deecb412c2109fe7e17', 'admin@admin.com', '2020-01-22 16:13:38'),
(279, '485b65ffc948f87540bd482dcf91c087aed16a43bfc3c98632d5059d1efc286ffe20f8502ea0607e6ca61c0c5a1888c3802bb881112af4e407c24b411624f12c', 'admin@admin.com', '2020-01-23 09:26:31');
INSERT INTO `refresh_tokens` (`id`, `refresh_token`, `username`, `valid`) VALUES
(280, 'c23fdad65cdfe76eed09052f88abf421299f8819c41ad969ef303afd51d22af8854176ae39d142328c9355ff08cc5684e9347a77958d6a5bb4885a993543b36e', 'admin@admin.com', '2020-01-23 11:05:48'),
(281, '8154f1e092c9ce7a651d1821735d7afbe6b4ec09387b2c56e119c657578b24617048cc5541707fcc51eee426b17f20f13474394bf5f1e8d9a2a9915f9408b1ab', 'admin@admin.com', '2020-01-23 11:05:50'),
(282, 'e9f7c85ff265aeef234c729bbf13a8feb4a1ed0b8690b7fde3a1e2ec1adb45a65a73cbbe7713100440713efd23d9df9785a9b8b5f88011291b8c56461a936357', 'admin@admin.com', '2020-01-23 11:05:51'),
(283, 'baaf77dbbb9ade5dd39051eae3384bfee4c5e4c0974ae6b079910b088dac6206f43e90eb5a37c82f4c246953a3390534429bf5490908157d55bc5cb98e8e626f', 'admin@admin.com', '2020-01-23 11:05:52'),
(284, '19ef6d3fd69085ed71af2f2e53ddf709d14ba8249d2d915178ed8035d5ae2bc86ad877147da091271e59181679fbf67956bc2e6c103df2d06bc7a7644514e9be', 'admin@admin.com', '2020-01-23 11:05:55'),
(285, 'c32945e9659ec71dc5295474f2b864684fe614465224962b4f04ceb9999df838ba46182a6fcff9af416a26c93333eba6365e4f419a545375a2fd75bf8a014718', 'admin@admin.com', '2020-01-23 12:55:44'),
(286, '6f89007451e62f46dcda8e40c7e4078f26031bf8caae2136efa96a52e4aaac0872aa5aa01fc88fba4a7a831418da669c526f33c47c87cdd90e84fea622db80eb', 'admin@admin.com', '2020-01-23 14:36:39'),
(287, '12fa4863904df8f02e8deb8de5590349aca82187b7ce0d3513a4d9df2bdfe3fe0919c1f6baee825aa63b497e375a614df392c91d546204cb84299dc519df0afc', 'admin@admin.com', '2020-01-23 15:05:23'),
(288, '1a7fe087ab682a8718754510c84130f658944d7863872160187081a1bc1e33ec69acef9e250072d636593265464e045ce7792a9003fe85a3a530f83ac100628f', 'admin@admin.com', '2020-01-25 08:46:43'),
(289, '9250294377356e6ff5c289eed8632a9a7166b2e1c098930de3edb8af85cf0b6886f1b60fc69f4d374febf2c740573c5730e832a5c1f6f4665c5d55587fc9c9e1', 'admin@admin.com', '2020-01-25 10:21:21'),
(290, '1776fed26090c4e62f456a8e0997b14ab475365c6b1d98570e5aec6cc0b8913ed167ad85d3ae007168e90893844a964d8a72a6e622aceaab61fb37621a1bced1', 'admin@admin.com', '2020-01-25 13:41:25'),
(291, 'f0387c99bf1af8f34285b5e63966f4297b4ae100e3ce4996d98166394eeb3cb388beb7006bb628feda4bd4f7ca982d1ef2288d9adfc685b44c672e8ba79c4da9', 'admin@admin.com', '2020-01-25 13:41:27'),
(292, 'c5bbd366339ba272061369048bcd2caf7c310bb56ec14e7b72524c6347b110842f7c2ff809b24d80a856a43ba7bf5825962f7f4ab34480ab9278eab19ffda72b', 'admin@admin.com', '2020-01-25 13:49:06'),
(293, '1c47800ba6229f80518b327191a6aeccc1e585951854ca5be60cc9aa07b9eef14902fa71e88aac14fbf33cd1a74beb11d1e343f1fd4e494d969f775a55e67a2c', 'admin@admin.com', '2020-01-25 13:49:09'),
(294, 'b3959fc7f65c4d65b9df528f3a4e2f806b25697184a6148b22c73f7f2be2620dc8bb3666c00f6ac0a1372ced4ed17b416c11124cb2d412fad67373628553822c', 'admin@admin.com', '2020-01-25 15:23:41'),
(295, '36d6a8504b3b6f801c35edfb61c5c1b4e86ff569d014fb3b1eba77c91b85f804e2f00314a8f20d8aa7d427afb17a848c3da6d6d8a88987b069abdb56b1ac9252', 'admin@admin.com', '2020-01-25 23:27:13'),
(296, '050ec434be7cf7e8a6745a73d839ef3fded74c1abee91908507e2c38bc971cc925a5f18064177ceb9efd4dc578488e30ab7020d4c2a275d0754a7bea68d32a2f', 'admin@admin.com', '2020-01-25 23:27:16'),
(297, '91897d98f6700c7f90c7272ef1f9ce78ff71fb942abbbfc798f772627df5c6d8f36a8c9726b5baf531e72d51f33da4e12bfa960059b1279f5c2cf7cac157a541', 'admin@admin.com', '2020-01-25 23:27:17'),
(298, 'a79326dabe51364b904914d8458b0960a80387201c3764b4ade82a7c7d63d7d8b01ae5c706bae45b913a2e87490f1a4001ceb581a18b0c1b2f6f0c109086b21a', 'admin@admin.com', '2020-01-25 23:27:18'),
(299, '10e3dd815260c1dae7a454a29ee7cafe2440b8293b39803d487b9ee280606dbdb0121d067c9ac54b81a9460cbedc8c90710d892b596c3f27dfdbda34fcda11ef', 'admin@admin.com', '2020-01-25 23:27:19'),
(300, 'c0892f92d5ca604b42935e8e5b4e01153e0d95371e0c43e996650c9881d5293589f5107d3d0c6c617a19b90a28eeb5bcca6615e360b7389d371e30463727d9cc', 'admin@admin.com', '2020-01-25 23:52:12'),
(301, '88f85ef9e26085782e61cf8196daf31210ef918b5b29cb440f7071c019884c99e197df7c95d926e32b505512fbefd0be62bc5f3309ac8813b5927ed184b67847', 'admin@admin.com', '2020-01-26 00:14:44'),
(302, '9b6c13c75124fabb7c07bc3644f95cd7a4c4978a60993479049da35ce30e394d29016efb45d8b74cfdf13e1381d3f1a278ff2e92afe6afc329bbe778ba84ce4f', 'admin@admin.com', '2020-01-26 00:14:45'),
(303, '7840d8c05021ac3798ba79a83f4cd096104633b44777962d67c948a9cfb5cafd4b7092740f0d045714879dc858208e878be172b846548068061c8065c22cbe63', 'admin@admin.com', '2020-01-26 08:56:26'),
(304, 'a9a311e591f22eb9dc4654924ac62681e3fb042f673830cb438ec5ce6111655e963bcd226952ad285235d0aef5807241fc73e21e08f9b17f26127fcfecce4c49', 'admin@admin.com', '2020-01-26 09:57:30'),
(305, '4bac7067ef2cf0ff2a9e34de9daacb0ee8fe5eef12e2af1b8bb560005d065a99dc3e0a1ad6ad8446b2515556b7eb7b056cf918d595207d95eabbca902269a85c', 'admin@admin.com', '2020-01-26 11:01:37'),
(306, '167ffe0cefc1246a8e5366baaeadd29efefe811bf39aca34abe960659df370605d52e4852f673bf41b4dafdf7105074199d5455936606b4b1fc1a90d1a440eb1', 'admin@admin.com', '2020-01-26 13:01:30'),
(307, '40f07fe4b4f3a4f48eac9285493cf738c78336c6b9eaa27354c915ba2f609d18a174f49db18473f1069d04e92f13f88b9052a34f5968732ea49038e712bba494', 'admin@admin.com', '2020-01-26 13:49:21'),
(308, '660ae59ef55da1376b5f2357133a2659b272988f92865a3bf3b1f3e7d897ecb51f2792c4961e23d8ecb878d589d1f7ff6521271541606d1c63d0259d742dca4c', 'admin@admin.com', '2020-01-26 15:56:35'),
(309, '85109f9ffb506c250d5c6dcbd5df104f3f8308e9d3e36e9c1a1182de7e4b73f747bce2912835ae8be42f489e161bfe511edb015989c514c00d0d525abcff5781', 'admin@admin.com', '2020-01-29 16:20:11'),
(310, 'af9f397f8dc165dfcca0137d72fbb8aa0ffc8654f012f5206d550c76fe7e19b5cebf65cf151a8a040e0fce17992d27c25d451b7ecda001ec231e2f76fb6177f8', 'admin@admin.com', '2020-01-29 17:01:42'),
(311, 'e92b67c6b13495422635cd51ef96806cb19456e2b8ba40f90c969de0f56a23ff1e2b50fef33664203c7a0641520c5437475148157761b529f6b11db9f4bca99b', 'admin@admin.com', '2020-01-29 17:10:34'),
(312, '6e1f79db8b5ee5159cf1d01f57ecd2110e4bfaec4403dc68384582210dc467b8ac497d93a4d505ae6977f108be3b54edbc5811d5abc1ffbf237ff54efb2b011f', 'admin@admin.com', '2020-01-29 17:13:12'),
(313, '2fc62277e504691593ae7197d32ad3bb497c54633e3e861182f101e3adf3bef8da6c360660a112424d938396ff7f99ec6061b36a5d87b247c7789358bf36aac0', 'admin@admin.com', '2020-01-29 17:14:13'),
(314, '51fa7f813934f01a82c95c299bb787782a5836c0d8d8587ecc2d69972a51207ae93f1b1b35124e69a17f8ff68f94a00d2c85258aeaa72e24a8fb06145bb36856', 'admin@admin.com', '2020-01-29 17:14:14'),
(315, 'a18223f763f6ab3d8ac0c5ed87e43e976211349e160a88731346fca092e91fff42bd4966e5d8d20baa14e3b2142c55879cdd4ce9fe88d5bc24982bc87b4709e3', 'admin@admin.com', '2020-01-29 17:14:42'),
(316, '604999c900d4eebc7528065a0c1def63c632344fafe1df225b4904f971268555093319451a93ae33de3c6a58f7f37e38a230297f5e04a126aef293a368a4e169', 'admin@admin.com', '2020-01-29 17:17:56'),
(317, 'd9cfb0832ebdc6efab73aeeae34c0bda039daed60d4e8480794de7ee6631e4643ece52e7979138f543313ca8b5446f3d4e62b16238a0a1cab0b27539f1e6da2b', 'admin@admin.com', '2020-02-01 09:08:10'),
(318, '846e6d2ce26608889e704a3255371a13aab66bd0142bc6b70617f58c65104832cbb474bde9d6da6f6f1f306d2f3aa3c6b15a848470afe75a4f675e8319223655', 'admin@admin.com', '2020-02-01 09:45:00'),
(319, '9b945e2dcf8d9b111cc2b22d5ed43f0f8f565f2a8364a5739d0be15d6ff9392cf316d4945e74ca1e44d7d4c3541ee0261e20d18a4f07e5a32023b2977dc6d773', 'admin@admin.com', '2020-02-02 09:45:41'),
(320, 'ffc23f2cf3a56c44a2ab3b07e55893bccf0f53babb8f8ee9f1494a1daca7e0967b34225f4111455aacb0d202aa8cfd92a0bced85a4093c40ac99f9d87cd4a2ab', 'admin@admin.com', '2020-02-02 10:06:28'),
(321, 'e528d655773bebad3d960f4f610d1c5d533b2486755584c8dcc7c1f37fbcbec52da5fe28e4208cd82f04c57566c8e7ab0ed19077a90dec0a83df98471d08be58', 'admin@admin.com', '2020-02-02 10:34:10'),
(322, '93ae7b41bcd2a4fadd23490edd37061c208f56ba589682e1aea7cf8538d47ee3dbc6e83157b246995ffbe84e71bad3a1c81a0d788477f426d95994240db4714b', 'admin@admin.com', '2020-02-02 10:36:54'),
(323, '05fdc3aa0ad19edd0d8188b18489791a78b3101109ee755271c2803fe40745230f14d6fd18364b46ee7e028c15df34cea10bc2917bb6e292ece61e80e64f45ed', 'admin@admin.com', '2020-02-02 10:37:11'),
(324, '3222e8c1ef0e78bf05d69ea30256cc67a48a0a2e0672f170159cf853a66247b51ec89adefd53fd3af46be69d1a005f0836fa3492ac4ca3e22c46a34e7677e65f', 'admin@admin.com', '2020-02-02 13:49:02'),
(325, 'e4af151d10d9415e10b8d7d46e8351e890651b9a72e5771d051e8cae60941a752ae8362cc4f601880277edee9045e73633fd016784ea09f8698931cce2d530d9', 'admin@admin.com', '2020-02-02 14:13:26'),
(326, '387e6f5861e26d8dbc882a474ab4bafcb1693070b110a2aacc8a1b7812cd0ab0cbd446b8404b459328b6802f99141b16ab8d496adb78c30423c4e7e660b477c7', 'admin@admin.com', '2020-02-02 15:32:07'),
(327, '662c2af9204a8203c9a33bda87921a6abd19ec87e1f4b509480fe096b8acdf5bc524f8b67fb114ea8bc059fa282ad3a8c88bfc792f07e3708ef1ad27f3374769', 'admin@admin.com', '2020-02-02 16:01:33'),
(328, 'eda010c9cd03fda477927f5f8e584a26feaef3542711b1e860f90b913164d95698f86a6bc189c0e80f7402dbb7a5ec3474f85855c31fad9047575722c2c15657', 'admin@admin.com', '2020-02-02 16:06:46'),
(329, '6119fe1cfbdd30af2d4bb99566c16619ae4e7a1e89556763dece5983ef861c5af6a2ee4e65f1bd287c3672810e3c3581bdcf63f5c4a56bcfc0e680473a788e25', 'admin@admin.com', '2020-02-02 16:28:13'),
(330, '5bca9566882cd57dc4243bafb0933553466311435e5ff3cd77283e8ab4ac7f77383cc718f139ac6bb68432739531c1f5cef6023ba2217db4c682f3918d972ed2', 'admin@admin.com', '2020-02-05 09:12:22'),
(331, '2fb2e6d4a434e3e0f4c51391418aa224b23db178c17a02a4412420668baa810beec91320fcb490051fa0c196e176999023ce73947bc7ac59aa6200bb09ac6742', 'admin@admin.com', '2020-02-05 09:12:25'),
(332, '52245b17503c182a780dfd83692df2c7112f59a9ceb1bb82bdc5b1efee2db74f201c7915bbca96e1a0b3604b79d4e9954264c1eab1a5bc2f74d441f10b8c70a0', 'admin@admin.com', '2020-02-05 11:15:47'),
(333, '606bc470a0faf8bea0bb546a86728a6a1f98ae11424fd5d44197e4011b45aaef98e91b93474cbfcfb3b288a61b42f6011b09e93f2098e0a546aa4a06b5388b58', 'admin@admin.com', '2020-02-05 11:15:49'),
(334, 'd2d1313b7d4f381e489fe33ed685993a38f03f98f03aef94cd8a8258dbe5931dee602fb274d29a6dcc5b82deb7a77f3d53082703e7e1cf54880f2ff0de0405d7', 'admin@admin.com', '2020-02-05 11:16:44'),
(335, '162232787814230d5db616d2b1e3e385b49615f0e44b5d18a0bba3a27e13130992662258a55f2b156563bf4770996b04cdeadd9868455e0a06f7de16ed9a5b19', 'admin@admin.com', '2020-02-05 11:17:52'),
(336, '5bb546896cb8d8dbef56a39f0774e85212c3416d397b201f4e4f97f27554adc888788b0b3ce62de04e5993e79516d27788e0a5fba93f6076725bbd97eec29055', 'admin@admin.com', '2020-02-05 13:52:49'),
(337, 'be264c191db2ccf6e5e92a40b55da3ee77cfaf5649fbf0297b64fe6f8d191e30370c1da1b95672f206f44b960a27a4df738a54ae8bb04518da4734714cc73542', 'admin@admin.com', '2020-02-05 14:28:02'),
(338, '4aaea6b40dfa6a240035b352fda0860ee3cd64f98f1a2530453d94605d395cd88726f1d43e758a6b7bc264e2a012c719ca5917c64c45e28d02c8921036fe8974', 'admin@admin.com', '2020-02-05 14:56:55'),
(339, '830280baaaa7d69dc90f7bbae9b03c5ddf3355cdcc96d81c374cba405bbd091a95150cebbe3e5cf9d4b48e291b39fbfd2a3c909a8f7940b2d20f23363c58089b', 'admin@admin.com', '2020-02-05 15:17:48'),
(340, 'bc93d8930277d2b0c964ede9f04ddb09af3a75be7acd5f274dbb869cb6c3ac32ab60be8f0fba0046e94cb6cca9560e74229a86a80a1bf79add4ba70c9135aebd', 'admin@admin.com', '2020-02-06 08:45:43'),
(341, '0b9caa825636a43c44feea68b82a74ef089626d9f35d6535c52555dc22610aaa52108987e09a22ca53b97e493ca56565c7cf8f43ac5642760b1b3253aa53274e', 'admin@admin.com', '2020-02-06 09:59:57'),
(342, '7ee736058ad9e44519afdcfc91e899147407c1a44f7988880f5ae9cb19d97e20ed4fa4ad6b04545d9f2e7b6e5c283197f7f894f7d8386adbc15cdd493f2137c2', 'admin@admin.com', '2020-02-06 11:19:56'),
(343, '0a81206712f776e9d215d5901da8acafd39a692b127428183bbe1f6e40849848fc68ced0267ad4bb2536a2b3faa6cc42ea602268080c1367c4ea431fd1bf3b99', 'admin@admin.com', '2020-02-06 13:08:37'),
(344, '4db45d8181a8c75d7b552fcb4932037e55302de9bd5fe0f4b488d174bdcfb1638a387b410826e6f74ff8acc0778eb560dd7c5ccd4755823db126f24a15069c06', 'admin@admin.com', '2020-02-06 13:27:10'),
(345, 'c7ba119d30bec3989bdf7872538fc280907d7502dd679abe7a7caee008f033a04903ababe3e966073230b29505509321ced978bfd0380af651a12c33cf6c01e1', 'admin@admin.com', '2020-02-06 15:31:00'),
(346, '221e6f2d896df710fb00f05962d52d56ed76bcf625d5f31a53e73ebfa02cb404368148b14e71e1d8cdebdc900578118389bc25ebbcb3c1db53ebb3c7b942a866', 'admin@admin.com', '2020-02-07 09:10:30'),
(347, '3bba662e939aa456fbfd3e3d47208fee0630d349d90bb2d604dddde63e2ea7ffb1ea58a5f058863967c892fc8c69fbcffe80d5f7de7b974c9f02edecd69a37d4', 'admin@admin.com', '2020-02-07 09:54:25'),
(348, '4aa03fbc32c9474dcf02a85c22accdb865a1574b555a0c6ea6b314256a255804b2deaa36c5e6195fe90f35177433662685afb849dc8cf61da2380f28a42e289f', 'admin@admin.com', '2020-02-07 11:05:15'),
(349, 'e744e91c44ea7c56200be71220b36738f1a39086e7c1a47db78ee063ba5cd1cd294f5e670efaaa11f30271d98403ebe4fa2dbdeed15cd7ed8a6e006970599b14', 'admin@admin.com', '2020-02-07 13:06:10'),
(350, '562f7cf2665caf2cb2a83ecb2c82f2ac5796e29e427ba20f3bbfa8f36ac66f487aa87e5a005216c90d918c66734ec5a744f4fa3403fb8f587d52d606f9a3395a', 'admin@admin.com', '2020-02-07 15:12:40'),
(351, 'a4fef5d14986596f032cf56610f4bff206b1189efa4b711a8cf7bf141d7fbb8e1adf5088f9f5180cf759cebafee372078ff56c81c906d0bad4d1771a86105986', 'admin@admin.com', '2020-02-07 16:21:48'),
(352, '1b8698fd019c1550594991b8f43e1a272bcfcf844fec7ff8320532e428e35c5bca46f734c363f642d25d90e6f2256d50a12dea8a0dfc8d38c5dc891b41c0978b', 'admin@admin.com', '2020-02-09 08:59:18'),
(353, '4725323643df4c73ceb9fec1e6b3981bc281b386db6664d3bbd6a00c2fac0d08c1314a0b6873cbcc3b0578f87858be70952e746e28fb25f84487600959969f6e', 'admin@admin.com', '2020-02-09 08:59:20'),
(354, '85f931f96c792e5dcf9856e47167b508108c7108061e2db4f4ad2e7f02f8d2ede4c5a7bcb9b6094ea28a4b76f5b090fe94347834d3f76376aacfadfdf6970cd9', 'admin@admin.com', '2020-02-09 10:11:59'),
(355, 'dfcb0b95988adc068e7ed12d336a65454bbb67a16e5780c12ccaf2e838c568713c232fac9aa76c95e820494b7c7753999cfc925f1d080b5aa312d993025ca0fa', 'admin@admin.com', '2020-02-09 10:41:47'),
(356, 'b03834b850bc2bd1d9cb37c389e5ec0cb15c0158ca55d02a5fbaed7363ba4c35f8dfd5df8dd4832e3f9e373bb23c7545c3019379ce359ec7ebbdba17fae798d9', 'admin@admin.com', '2020-02-09 13:37:11'),
(357, '42f522a93b129ac3ffa17a23ad2c9faddb4fdb6798e8920caaa702eea022f32ecc28c4f81e71e9eefeb654a5e2a127d43dfcfbb57ac0a689b2fb0c88d6067183', 'admin@admin.com', '2020-02-09 13:37:12'),
(358, '917eefc6f90bc5b37f8a710ccd2234329035ba43763e596346a866ee8a1ecae8e2b4b9cf47dda9c3ec1f9d88993cf9bfe37ea4fb2705aaeb460469697d47459f', 'admin@admin.com', '2020-02-09 13:37:12'),
(359, 'eb438911d0ab29c57aa5328b21c6834fcf75f6050fa94ca38ab3d0a38d1197fc1d1e8c452c6ee3f29f51521caebde64613c31dade68d31323ab930faa1431f87', 'admin@admin.com', '2020-02-09 14:50:37'),
(360, 'e860b943b58dda025458b2e39a4fb90ddda75d20886607620a9ea66664e14a866d7826664484654803c36ed5094a16124df7637f522626570f1c1fdd9a7470cd', 'admin@admin.com', '2020-02-09 15:05:40'),
(361, '1727958d7e33f2fdc3e476bfd7aec653d3852ccae10eea0309d907def0cb643affe603d4658480118a82e7cd613da8387138d54d7ef90419ea529a143dd1b98c', 'admin@admin.com', '2020-02-12 09:30:04'),
(362, '8f37081a4f0e0bd3e3bf3f2394e2075841fa83cbb9d5fcd90df429d65c705d0b896c0532e413da397add1abddaf64586c3bfc1dba583331bc43532d84bce6032', 'admin@admin.com', '2020-02-12 09:35:35'),
(363, '05608a3544731a7d5704bf03b81cdfdfa1a40188f54e8750656be81c820fb749966ac18b18378e66a3d67fa3e6f1f8bb1c5cf147ba2bfa27e5462f144a84f51b', 'admin@admin.com', '2020-02-12 09:41:46'),
(364, '7c3823dd3b64ee1eb7ff9b0fe111aa77a67c2b503a2fa675e8295d9ebd11cd9a86f0f422f494e7065835079bdf65240cb1bbbe74329a01e3ed6f75b5a4639399', 'admin@admin.com', '2020-02-12 09:53:07'),
(365, 'c86211135691f2ad9c2994004cd365e9f5e2f75c697c01742a2d1ec03f78e36f6c25cc312ad905221c88836750d5df33692a339a8c77449b4e3ea429875fd0fc', 'admin@admin.com', '2020-02-12 10:11:53'),
(366, 'a428e0c9a69b7033f9713df72bbf7e221360b607d3357679d0e582bceb651af5393f7bffa8b99f25e176d627011da93cc5d139cbfc7ea5da1a9a1f15433abfe2', 'admin@admin.com', '2020-02-12 11:21:05'),
(367, 'b9b19eedfb25ab50b0ab444de5a8e06c3a928f7ce94cc5ef659efea9927c3eaa15edcd153b761b4c89d228e668475ab72346a77f7fe815c5f36f39052e511d2b', 'admin@admin.com', '2020-02-12 11:54:35'),
(368, '45179224309f59693190e261b250d7bb42f52ca1f2d44f11e106f25ea285b38202ddf2242f9bded870d23c57352a4c3de2f16714c007ed1e010baa813832700b', 'admin@admin.com', '2020-02-12 13:11:02'),
(369, '6b6a011df58a4e7b74d1e2fc50232402bb535c98f292923ab1469985238e648e7baf7f3e85cd9d245d41444386f6139ad36d12f12de18020b3808d76a954f75d', 'admin@admin.com', '2020-02-12 14:55:36'),
(370, '8dc6a12d6f1c2953c6933703a30f8e37b53318ba540afe108a947d04b7e3537b134e4c7271c7616894d45f046c1e80a2f1e2bc6414980248695d965d4365d333', 'admin@admin.com', '2020-02-12 15:25:00'),
(371, '7061390aef2937a1a46afb3fe561e26d1df32355438bcdcbe1d6fcc2c60e3610cecb9861bc65c345019b50d3c69a75b16f0afe2766ddae3810940be4eda94534', 'admin@admin.com', '2020-02-12 15:26:25'),
(372, 'e523e332a59b97c96be37be1f1dc9c2b2317d612c6f4dea2fb84eb5caaba8b1e136ac87d1bfe5920e1321ee63ee6cdade2fbc7d8a85868eb243af5d1de76161e', 'admin@admin.com', '2020-02-12 16:57:15'),
(373, 'e99b807c3cc38a4410811cdc340e45cb608cad8f3b7886a17bca8957c1a479c357bd4b0ca627aa8d7fddd473fc831ce2a2de1d6a0f17068e865c23d88fa8ea79', 'admin@admin.com', '2020-02-12 16:57:33'),
(374, 'ec0369ca8c8147ec34221f9db16cfd8c9ffe1433f3e03ac08df56d75c7fc3457b7d8c5264ef73f0b9e3d32eccd1d743c92d7e247889ecd61068855a496b3dacd', 'admin@admin.com', '2020-02-14 09:30:54'),
(375, '6efad2283a4739ec9e6c302ba382ba7d0cc603d361242e292c21d7bcaebb8e5793b7ec00bedbee6c91acf0ccf2ef57328c6856b8c0978ec5f0c4de8f9dc82a54', 'admin@admin.com', '2020-02-14 09:30:55'),
(376, '8a9bacdf55b7bb9a124b273af76789f1c963146cb140822ca91b2b01b6b53f3bea55b4a78f7b2b6ec146d3b25bc30b40265123149d72fa36b6160944134031a3', 'admin@admin.com', '2020-02-14 09:56:17'),
(377, 'e32950e6d69570ac5a2264fa38abde276294aa525bc2605874578eb79bb7543137604f84faf755ed5b589256d4c865079331e98084d15ca3191d54b0a38fc0aa', 'admin@admin.com', '2020-02-14 11:27:34'),
(378, '00a32ff5bd10a74d05806a4dcdb313df464212a55cebf0baf4bbd770381a38d4c244d303058a77a0b8d79f2648bebfe0dc6f867ff0e195ba20072d0409946b9f', 'admin@admin.com', '2020-02-14 12:33:40'),
(379, '6bbaa1db5b72b2b4f703e363850d4e94ff5b29a3313fa1f5910bc4b2224cc1917db1bd4c08e9f7c87fde063c624f4660185a09a0f96a7facb93e4e2a913468ed', 'admin@admin.com', '2020-02-14 14:46:02'),
(380, '2c10c73409cb3a09ed6eef851f87f56ee916990a4a49c94068809394e4bcbf6523ece3c21a9f1f13246c9f447240f8e2e93831e6e309f8fa561118e6c8d0e305', 'admin@admin.com', '2020-02-14 15:02:38'),
(381, '2ffc1ca62bbc6652e3b7096d63d1060932543a3b7d58a9eb5a1cae2dec0bf3fd481efd2b1e44a5cc9fac1c4ba898c1258d23677a89f3b77a06ce2251ffe4e12e', 'admin@admin.com', '2020-02-14 17:03:28'),
(382, 'c4b4ea471c0c991ea84b39c9f58464078df0fb4064e62b2f1fc8eb1656ee3995bfedc1dae152dff7909db46ae37e73e83ed10c20a8ec13bf3c394c5e3c088fc4', 'admin@admin.com', '2020-02-15 10:44:43'),
(383, '379d52ada31c4a18aa65daf94fd16b1cb4f019ba7882b09e9d9e0a8cad54e1c5db6656ee29db380cc08af9172a9a4bec02587600fa003604602391e34bb42ce8', 'admin@admin.com', '2020-02-15 10:44:45'),
(384, '6c9dbe7ba55f6e40da03075bd7d56e79d4ee01a1a95dd503e358ebd2e3751cbd652272ca88ee5338c8d18324959c2cc7175a52848d9dca1e3433b852975a7127', 'admin@admin.com', '2020-02-15 10:44:46'),
(385, '28b66dc4957cd9fac7829af1838c4a466c3e6e4a3debdc5188cc9071d6e0feb8ab2bd7792067c3af42919a796b02b5d8d3b635968e95f34913b7a090745301ab', 'admin@admin.com', '2020-02-15 10:44:47'),
(386, 'e60e546005616193e42c8447423267f288ffd29e023a5e3dbf2d27f178e0200dcbfb5a47429d59adc81a1f674816deb4ba78a70e281ae1c7e5a081c606796930', 'admin@admin.com', '2020-02-15 10:44:48'),
(387, '1be8d8ab9697b2dbb78939a13857598106ecd5c9e401037c4744fcf719c753e4abb2b90cc444034fb2ad21cc9bb254df70f658c9c5f66ce9c25a804081043007', 'admin@admin.com', '2020-02-15 10:44:53'),
(388, 'f16eb5e38c3c809a9424d973757c89e285611b4b5e652a1920c49307d3ef36a6effae4d1cdaa7bbff94bdadf7d3b16da3b9aaa86939605af93a370edd67e0426', 'admin@admin.com', '2020-02-15 10:45:08'),
(389, '6d929b78f36460bff53436ebaeeeacd3ac6168d66b6e6cd0dd8aa777a282390ee8a7f3dce6f8c9fd1bed1de63d72fd139299591643a38dd34d2835976403a9c3', 'admin@admin.com', '2020-02-15 10:45:09'),
(390, '4ac88d5230524262d345ed6da9425c23e37a050385288482407d6cc0ab7f2969729294049578b636d9e895fc87ffad4a352954869f9c95f548691772acc03c1c', 'admin@admin.com', '2020-02-15 10:45:10'),
(391, 'db125934299e6245d442d7ab8ef13b8aefd42e6f9e24ddaf236a1408adf96fc14c4190efb553b96ddc36570727d89234cc7c48305473c3d00dc4a5c4e901c11e', 'admin@admin.com', '2020-02-15 10:45:10'),
(392, '88b791d77bab86bb9e68fcd6d116dbcb56ebce22f564fa7b963384f08de61e4890464d5dbb5c13c401e5568f67e638a511fb716f9b2ff01ccb51f44f24e5835a', 'admin@admin.com', '2020-02-15 10:45:56'),
(393, 'ae72fa8699cda712bf66bb0aa35e2f075f7b2c499fc667b39a48925746b0782ec6320bc1b1241d9b817010e3cb3273141f07efd3d85273cd3bcc045a126a0194', 'admin@admin.com', '2020-02-15 10:48:38'),
(394, '9573a64c9c4d6ed6ddfd327f8e0683bd81947551274d51043a9f4fff6ffbe19e5cfb473bf6479c9aaae0bda967f4a080e52eca94dd1e03e24b0bc0a61cf257bc', 'admin@admin.com', '2020-02-15 11:50:34'),
(395, 'ea6caa687911e0ecdc92ebdba0f3ab37d8ec05de5fff91f1bd27943d8518531e921e6c693daa3dceb355364f0c658ea98caea0da96b9a8640e4a924d59e88d1e', 'admin@admin.com', '2020-02-15 11:51:01'),
(396, '4cc558f43f803125a46a0b3aab09eb817675366d86628443babae9dfb6ee9fecdc7671b7f8098af43fb044c2b16551148ea2bcb2f5e16005e0b9530466b70ece', 'admin@admin.com', '2020-02-15 13:13:24'),
(397, 'dbc62b039a3abc4e762674a51983086f4b361b19bf3a0d672b210fd4a68b91c9f75a1238181ee31b415dac64209e132bc8b5fb437d9bcc6564cd6e54d27a481b', 'admin@admin.com', '2020-02-15 13:13:26'),
(398, 'bba951391def926127d12637403425bbd27d3102355db8a2e7fb5f200d0bdfebc1e3b15072cd1cd0a185f1f3dd51c700ecbe65988aec8cdade57e8e0922ddb11', 'admin@admin.com', '2020-02-15 13:17:08'),
(399, '2316ceafb5fc240f6337294dc1b46001e6100e2b512f68a747b3259b9f0751ceafbc0cf8654d58d6cb161f88cef42afef6dffb4af195a1f0409545e83fd6669f', 'admin@admin.com', '2020-02-15 13:24:42'),
(400, '786448d8c15c03b134aa11cfd2ece111f5da37f79fcb442981e2370d14838e67cc18b691de2459257c28cf03348a3b2891d59151aa67874b8d5d2d22ff4a23d4', 'admin@admin.com', '2020-02-15 13:25:19'),
(401, '9089267943ed7330b0a0695fb4600b17db3cf6e6ec6a7c9cf5a4e39dc33bc83061a93dfef42503cde8d92c0329765e791a96d78f7d09d14d985d71e21657d842', 'admin@admin.com', '2020-02-15 13:28:11'),
(402, '147f7896121025231ee7a6f81921887fe2cd934678013936c3454a2cb4e3a4a926414da7b9d4929712497162cf60abfedbbfaa2ba1ad53acd5a80a4c857fd81c', 'admin@admin.com', '2020-02-15 13:28:45'),
(403, 'a283f53a2c51c1103f0651aa0dea9a5b498bf522b08db775e6a4f40bb83714c0a926fa3fae727d9b57435c80de55f02f9177b26f7c95749ea653ccf496caeacf', 'admin@admin.com', '2020-02-15 13:47:59'),
(404, 'e8326ac8a9e16cd4ed732cbc50985d20cccb621bf2103b3eaf3e6758b00bb4c9d209448021f98e4bbab2fea513daa59e23dd314612ede0655d7ab93c71c57bc6', 'admin@admin.com', '2020-02-15 14:09:34'),
(405, 'cfdd0614dd2888fbb1a823e3680247767e5008b2a4fcb7d7596cbdb479cec4e589e86708b04b08963059a8bed6c46233354b0a089e07f8bca1b2f281e12e2753', 'admin@admin.com', '2020-02-15 15:56:06'),
(406, '97225449e0a3870b03c44c1cff2e90909bf0b1f51a17daba57574c369219159705d86f87a22f3ff1ff5884528a244a33299b854c13132e460d714d21250d98aa', 'admin@admin.com', '2020-02-16 09:07:37'),
(407, '302c1815f7159bbedcf84af5189e2cca3e70c35dafd7270c3e6c387356917d50964029d28cfba53c65317417737fde08f361ea09cd708594df4d1b097ec049b2', 'admin@admin.com', '2020-02-16 09:20:34'),
(408, '381ea0f70e42c00776dd04a92b97b27abb142d6f6ddd24eece12b02f8ac2385cdb93cea5020223520135e1fafb3d55fabd6a56d9fa82cdec6f10462c572e967b', 'admin@admin.com', '2020-02-16 11:23:19'),
(409, '10a004c1e883f9d5b758d881bc065fe641ffedc283d48c257d0c95cd3ebbf767d010321f0d9ad6caa8ff69bf9c657d825e0c22e5a03de84789c1c50953298249', 'admin@admin.com', '2020-02-16 13:28:58'),
(410, '46e31f13f9e4f077b9b0d5a7c99b9498067cf883b43da58f439a30850aa4089306e00ac4c1cbe95070f61357bb9e73bbabb8451f468cd9994a6a870dcb9f0688', 'admin@admin.com', '2020-02-16 14:36:41'),
(411, 'dedb42db7ddefb9a641d4d4d7547c02e0b61fce87bf7fab5cca15e5d9d5ebc77de25ccab612525ce2cb68494367c01efb6f02201b31d7ed9f8c06bd8917156bc', 'admin@admin.com', '2020-02-16 14:36:43'),
(412, 'db112ab0d545400e8e4a5d2bca2ebcd103b9a8a154bbdac55374de488445de7845ee8cad15aa788981903009f8e8a5ae61f622a4395c06e985f8e4b26b2fb9d9', 'admin@admin.com', '2020-02-16 14:36:43'),
(413, '81c8d6dcce7056dc2c2cdeea21437baade48f32b7f8ac1883a63796b3f481d6c85459f5a328c145838930f2e035227b30554556f521340f5b549d33052f5a5c2', 'admin@admin.com', '2020-02-16 14:36:44'),
(414, '8b0c37c02c42a8f584cd954b8e08c4ce7c0a1e735212a6bb7afb50219f1b14aa3421e57104f0145454ad890da9c98de6465a03de184b625761c24a90f214e2a1', 'admin@admin.com', '2020-02-16 14:36:45'),
(415, '05d40ef18488c7a8bb1184950ea858395c4dcdc4d470b80a4a2fca763db2e97d76490c23eac7c18359b43dd628bf98aa9a9768ba604121c203d84d57a1fcb105', 'admin@admin.com', '2020-02-16 14:38:41'),
(416, '5602af4a2a7cfdc406144e4045558aa7d946169cd0b1a43cf1df94f39c3451c1fea175e4ef2f718509076c32f8e9b428f04e5feffd86fe41d65fb31bc744c088', 'admin@admin.com', '2020-02-16 14:38:54'),
(417, 'fb67b27735a4a09f8d02b3eec3c64f7ff893a7c56d463cabd98329f8e4730934f0358a8e1343de0e4a53524469a9e5f8a7cfcb402acb841173a98b50dbfbbd4e', 'admin@admin.com', '2020-02-16 14:55:17'),
(418, '5289cc8905396ef0ff8d2790ff3a605ce5c4187796b73d0468f94f3e7f48f3c7428cbc09fd9643c5d7774c774cf58f8bd36eb1a015dea18352d6ed5d4ee1498e', 'admin@admin.com', '2020-02-16 15:05:59'),
(419, 'c01d6ec9d90845fd75dd1322de6f4489706dd8865064d487aa085df14a6baab4d1e13a87b2f6f4cca24d6940df189cb1ded9795077b36dcac849b4f07540db13', 'admin@admin.com', '2020-02-16 15:10:51'),
(420, 'fe57c8c09565e6cd44c5ea2505d44bea0986b3087a6414562fc0657e0f698138822884a5cbfad373ba71e87d5becc00a9e59b85be0313364f9fe2072f8198ead', 'admin@admin.com', '2020-02-16 15:22:23'),
(421, '680bdef0d72601ab0ae7c8f1db24619c55814c94f2332ade033a1c9727a4f9063f8586e2cb94003d19385e40f305b4006bb404f6fbb8cde76bcfa11d6c2d3da1', 'admin@admin.com', '2020-02-16 15:22:27'),
(422, '43d5ea4f078cdaff8ae0d57ae32e60742a5460622b60dc7891bb59554ea8d5932322030117889854af409fb78063fddb5edc39e2d8af4ca90768a72bccd64aa7', 'admin@admin.com', '2020-02-16 15:37:19'),
(423, '31cba292ca5cac5a6561376ef53f3f17c6fb03169ccf56f0022d38da89cc6734731996265683ac101453ca682a54cc92af3c152872bcc9aae5e2f9eadfe79081', 'admin@admin.com', '2020-02-16 16:48:35'),
(424, 'f93986e6930a31525b06c2b2c44e10f28f9f6eb4795c3e46d84db642501bc4cd7a755e8ec48094645e8a0727075e1730ef593879c089365716af6de13ecc2edc', 'admin@admin.com', '2020-02-19 09:13:50'),
(425, '760ed8003e6b7c091222b4587f9fd4aa4de509140d8cffc659266b7904aa9bea39ef7daf1c9ab3fa7d2ef610333c951ac101d50e39eb4cf502dcdad259c9810f', 'admin@admin.com', '2020-02-19 11:16:55'),
(426, 'dcd96e60ffe1c531ea791d0264c7e363a0a4990262a82deb1a8382fbac23a4d23705c95ef290f2fff1574c7230a8146018f5bd3387eb92e399a0b9d0e715d6f5', 'admin@admin.com', '2020-02-19 13:27:07'),
(427, 'b1bcc625fbf7e38fdaad233716dc93590396552bbd4291b3d6b55f7d3e7f63a9e935b5583cfea9461186eef4671ea287b3137f402a9146328886242959617af4', 'admin@admin.com', '2020-02-19 15:29:29'),
(428, '9c7e98a81f06f3862a7d2288f40f304d35f4aae7895ed81d8fba2feb12d9c36f2666d2b76cabd9b78861ab72f3e2697991dc720b99113840e01e24518bf56bf3', 'admin@admin.com', '2020-02-20 08:43:32'),
(429, '0f1b6c627fe029c6efdf9c93d914524cbc0010c713afe58ee8f19e03aa64eb84d8388e5b40f8ec7df2a9a5d0b7d8ed5e0babfd4302298965567fcef6b2d9242a', 'admin@admin.com', '2020-02-20 10:47:14'),
(430, '95863c175fb18e8d5314f2ed85f31348a0fd65f9facc4a4f73b4f205f8c14c9af5863b62678627a711881ed6a347a74241220cbfb4e559e161fd7751ad2c1fe7', 'admin@admin.com', '2020-02-20 13:11:05'),
(431, 'ad9031145b055455f5ca30c418350b16239c95407cc5e2aa2108260c04914b9ef9bb1cb69489923f8fac4f2499f875c9f8d65520f92784ae7529102d87da1191', 'admin@admin.com', '2020-02-20 15:12:02'),
(432, '3aebede8712ce337a29b8fd63595b83c5b2fb4c10e3c80e2df1b4f30368c7f1d9439048856f05e3d823aee53fb606d863891d65c08d52f3762683aa0bd5a45de', 'admin@admin.com', '2020-02-20 16:49:37'),
(433, '428163f43697c0d7ea28da3873f08eca6d6931622a2fe723a81228d69b0762f8caf2dc1a2cb1916edf3e30921cfdf56c3a2b1d01ef482e96c4335dbd40c22fab', 'admin@admin.com', '2020-02-21 08:55:25'),
(434, 'c789884b3e30379c8d4237a972c8efb852cd0dedb4dc33cb93994698e72f9df5973ba4e9d4a4ae79a5343331daaafc8e8b00e2b55f2c501b2556bd3775ac4d46', 'admin@admin.com', '2020-02-21 09:19:35'),
(435, 'f41dadd7cf1198a36602bb02844400a5dbc0cd812f16efaad75edc04343c04cf682e0d769ee8c6eca7a3b58fa25e8bc36c20d1e8d79b3b75c01af242478e73e2', 'admin@admin.com', '2020-02-21 13:07:12'),
(436, 'c4a8ebf0f97b065b93bea51e6838f28cebcbfef554e91bbda085bb8a265a87c0c04ff842714a4619b5c9a0f5bd43b129fe53a76cf8645ea10edd4d2b64108d42', 'admin@admin.com', '2020-02-21 15:52:01'),
(437, '3b670a2814455691f4421906a72f911b02290196727fdbec451d9f8cf6960fbe1e3e54dfd8e9be399117fff7076bf2b5b12d0f9520a3b1b9c52a659810024b99', 'admin@admin.com', '2020-02-22 09:04:32'),
(438, '024878547493bb29eaa684c861bc6788e8bcadf7d1f2979e8c3f912c84aaed5ceb88815b64e6dd39c1004fe41407811552674a692c2abbad0323a58637147195', 'admin@admin.com', '2020-02-22 11:09:20'),
(439, 'b2b98ce8fa193b3c65795f88f599a971ea2beb2936afc54e9feec6e52db82975142998bbdb0a13765b1c6dd7cdbc8dcc39e463ea6064d2162b04ebaec0f89b64', 'admin@admin.com', '2020-02-22 13:33:32'),
(440, '86faec0b67df6ec82ab504c8d2a02ecfe6330faa36a4f4de3cba0a70d8fcbe54568c2222fe40427373fae2baed473a83069c22bb5a0bc70760dfd08f8dd6c158', 'admin@admin.com', '2020-02-22 15:34:34'),
(441, 'a544a23c65f569afcf7c784897ec4369e22530b59e255233beaec8bd433b2e99654fcc93a4d590ef92ef37a1e964954317c905b7595f6e04fd4117b581a0ce35', 'admin@admin.com', '2020-02-23 09:05:42'),
(442, '34965a3cd528e389804ac457c03686df022eafabe7eae5b366d52f725c1a26873a3eeda599fa8c8c4e56a742827e786c0191230f2343693d70c28d7e857641e2', 'admin@admin.com', '2020-02-23 11:43:44'),
(443, '56592d5422ea0aeb001827ba7bb4da10710d057ef45eaaba523b033bc5978239ce6f773c80b087d9dc480da78c2ec6872dcdcb1ab54b64387d05dd0e9f1a4e4c', 'admin@admin.com', '2020-02-23 12:00:37'),
(444, '2786473c5ecfca53d08e3e4bff2b432ce8b8ad2cd2441b4b20c62e982dde9140c3822f31c1d50c4570b59a705e3177cdcba4784a3c6229421d644e88290235ae', 'admin@admin.com', '2020-02-23 14:05:06'),
(445, '8179956511e21c3a2b45117d107d156dc3bfcc510b45b519d88606772ac75ce81fc1be5ef8448de57497d45c715b96063b171292e2e10c3148f521fc81a36710', 'admin@admin.com', '2020-02-23 16:17:36'),
(446, '0e20d681079c9c819f765f648bde6784b720d444ec0a58b2df018ef41405f0d844feb404a68d9574ada32591a7f45d18250e4155f2734560e1f4fb3cb356b6a8', 'admin@admin.com', '2020-02-27 10:14:54'),
(447, '825a5f5e0d7d046b3510bbc6c9739758e765f5a4ac4378a7cf068cc4ec13e5cb5653fc838b1868a141dbf7c01280a6c872d268b4f74b1ce265191af95f155156', 'admin@admin.com', '2020-02-27 11:09:41'),
(448, '5a3b505d970c694cb2cc2c98b6012f3ccaccbd1d3ec369d5a6712a4db89147eff9212fa996047f67d3eef10bb917aeab703e02e8ed15530a0a7c41bfb07688a4', 'admin@admin.com', '2020-02-27 11:14:16'),
(449, '3ed11311c8f3b369b874f73bd31e3c4aae72004cad19cd85b4bb0fa5c080b17b74c91ef0ba5f60ff025cb0c4b777edd050e5993e2f672b277342565b2cd95451', 'admin@admin.com', '2020-02-27 13:28:20'),
(450, '0e457830bb531ed3049050dc698569ec31d1d8db29aaffa26f8193622a8ce80b536a597e67ea60d14a217e4f55a77567c45737cc0aac7ebc44f94bf2861935be', 'admin@admin.com', '2020-02-27 15:30:06'),
(451, '950a6438885d7105261b40607585118976780771c8706f9ace86214159b0e4c4eda7d9ee34fd26cc9e1d61037699da94f08cac6b40da817a41da544e2e885c3a', 'admin@admin.com', '2020-02-27 16:52:48'),
(452, '2af13bff35965a0ad7f9faf6fa40deb834d0922fa5df927eb523ffea58226d42baab09cb3124c3e1189defbcc492a4318a1f49ba35375b7cc7e0e00816f0e0ab', 'admin@admin.com', '2020-02-28 08:55:42'),
(453, '6cc40198c8791eb88b9cb5b7ab71e40183c6e9eae43154599a18653b57f0a16b33c8b7e3526e9bf558c2619d415d894d1aee12c2e565b2b48025899214804164', 'admin@admin.com', '2020-02-28 10:57:44'),
(454, '024606c5c9af46aaa81e7f310f9389ac3f9f75002fce10ca1faf07c8b340dd67ad8cfaff0e5d36c654b48c3a90b7542d6cfc5fe29d2d0624bd67d1173f740c9c', 'admin@admin.com', '2020-02-28 14:10:24'),
(455, '596b0fe06f1bca4e34e721a4d20adb2e9e5942c0886ca0a8dc7f0f98b3c8955da77fc444e868a0ce4d13568295f06ae18d317d5e66c2b91e6cdab2dee9bd04fc', 'admin@admin.com', '2020-02-28 14:18:32'),
(456, 'e92b912a3e0f943b92b6a075f8abee1f9433a86190482fa0263a52a7beec4386f38d4fc1468d32a39d3d3766fd06a730817d5d2b1fa4ecbaa51ec2134a8c4119', 'admin@admin.com', '2020-02-28 14:18:34'),
(457, '9edd5e5c4f42b1152a99342a3cb89211be52cd2168c81122a313f33f917f1dc2d7d1fb14411ac2b8a1a4e91200b323c8086aa066e73dfe2a0c06336c9ea4f65a', 'admin@admin.com', '2020-02-28 14:19:17'),
(458, 'dcd2e4a8ecc7b7aefdec3854a8e8a752841f1e01b3f33453a0c2b80de73d849d023bf6a9e773fd641dbaca7b43efcc2ebeb0ed707d50a661b4e2aae9d0752b7d', 'admin@admin.com', '2020-02-28 16:27:20'),
(459, '0a016e5447b304879581b630138a107e4ec5460cf2a2ca2fb0eca197c033d538960528f722ee4159e70c4d54b0eeb42385ec21a4bb623ab7f5c7d8c57c9d6135', 'admin@admin.com', '2020-02-28 16:52:22'),
(460, '642f29a351f8e02c05a7abd678682eab82253e7941af697778524594913c680448a3cc1ab4eac58d853e7018513f4f116ea8a7d2f00b270cdef973fe2e529142', 'admin@admin.com', '2020-02-29 09:04:05'),
(461, 'dbb2d8f5bcbcdf91fa9dabe96f4a439b6d0c22d231f29616ff3cf950139e6ff8ad72e528a5e1c71e926e29261e006c2b0fc35b73245bf0bac1c700122e9c9953', 'admin@admin.com', '2020-02-29 10:16:15'),
(462, 'a273e15c7b32240b8665d9e2e261b60f207ab2d77477c09739259afa1ae8822d25a906903d3303f231f1b40e8e273c538993b2ca6cf1982566ff35405c086592', 'admin@admin.com', '2020-02-29 13:52:58'),
(463, '0dda33772f07e878324a980fb71fd041513a0213df01f9d1afabed76e071f191a0f09c1ba7ad7375a45f5a936dd8cf6f85293a550a8864aaab54f6a32c004873', 'admin@admin.com', '2020-02-29 13:53:01'),
(464, '2c75567c798ad01d5a867c825f166f6afbb726de6b541e8e9a10b1ba719503354179afa231d5b96cfc60d12cc9409fd8a304f23d10fd9d3ab271140c3229ae07', 'admin@admin.com', '2020-02-29 14:06:29'),
(465, 'd84c963429c434b5793861ba33ac2e27833112a21fc4b872ab8762a5ecc7b1f47fdd7c6f7a1ea04728d53a07eb420666234f57d831832652d19794a5387abbfd', 'admin@admin.com', '2020-02-29 14:08:27'),
(466, 'c0e0ae4c1bda01cda47299e1425584ed232310473ebfd865c3e74db0a89ef1130b8e4887ecbca99ebad43282778b629f42132ad85a2fbf64a516e084ddd72e31', 'admin@admin.com', '2020-02-29 14:08:49'),
(467, 'd8131581d802a724dfc407f37b97d79087b7a2bc8b2d2184bfc96c39032b90c9cf61d00f1fc849d3f78f053a5449deb59937d1f8538390c0a3f38c3237a9224e', 'admin@admin.com', '2020-02-29 14:21:17'),
(468, 'dd426a47a318860966eea8e1710440cdedbb23abbce13a150adff751e7e4260387f4c9564359a3a46f5774b41c8f7766be42bac51b8e9b6e57cbc5a6d4a0b3e9', 'admin@admin.com', '2020-02-29 14:21:18'),
(469, '5a5f71fb1be3fd68638ff58928ec168744c16bf2de2528bf0121ed2bfeb36f6f544586e885875aaf8ff11dfd9df428967765bcad354cf561402558d5df2dae77', 'admin@admin.com', '2020-02-29 15:02:48'),
(470, '8451f25190390cf7668eec426e98de12f650915904eba8a1cc6a05d13a06ec9c99aa6d1b02b0fbd7e5a6ace5b293053c5aacbc220b0dadd09ac345e43013ca92', 'admin@admin.com', '2020-02-29 15:02:50'),
(471, '440bb10949a4d319f9ed33164fe06e9696eebe6037258ca8175ddfd68ca4c88225d3c038ceb720ee6993de4c0fef239641cf2d1cf2fd4feafb3d0ce83eaf1f02', 'admin@admin.com', '2020-02-29 15:02:50'),
(472, '77da076b48798cb912b01c24207832355e53f16bfab39f80a2b6432f642238f9963a070d85cca111fb99ac429b0031e5f9f4986d36aa9a73d6769046bfa66ecf', 'admin@admin.com', '2020-02-29 15:25:34'),
(473, 'aa9dac61d9d608ad657229051967a1cca2686a993c09adbe61012609bea901f4bbdae71756513eccab5521d506f084591c083e0b4abb05489a7f6b92c7c3116f', 'admin@admin.com', '2020-02-29 15:28:21'),
(474, '73b75b3f87052b04b8c4fd13bd626ccab62a2e90b6935d3d29f047756b9cb78a51ce7c88f61d65131f40ad00776ce7deb257cb403ddd4412cd85f27c82ac9356', 'admin@admin.com', '2020-02-29 15:39:56'),
(475, 'edd65ba62aa640a29e4473177eb698afb49eac39d03d8b06d66ced5fe0c8d74a7d748350602cb6b917f15b35f05caddfad46e0f0adf31de1f3f58e392d118437', 'admin@admin.com', '2020-02-29 15:40:55'),
(476, '1ae70e94bdb0d1b61c2c644381e54611a1dcefcc981763b22a3758c23344a6f3a3f9ec1bcc0d7f16654696493ff51fb7683fc4b07db8c6191e645f689a2f69cb', 'admin@admin.com', '2020-02-29 16:23:46'),
(477, '77db3ce66746bf0a4b67b6d67acbfa8451e1e2b87f057b0fad04840ddfa783e267fe608329caca938379d12ea7b9314c38a61365e30ac755b2693d91760c71bb', 'admin@admin.com', '2020-02-29 16:23:49'),
(478, 'fe8b6132e6ed9619939a5ad6b72a4048e67512283e64cfc0b7f5a4933dfcda53e8ddecfc741efe8696c362ea8681808e907c1a7ff927b86fe0d3c7c1556fbb81', 'admin@admin.com', '2020-02-29 16:33:53'),
(479, '6f1af43f2f42973ada3b113ac6e819d0b4954edc2607c9c30a497ccdc0b11b303a305d8d153dacf81b81af08c07906a909f445769e4656e1048f1444b8fa4887', 'admin@admin.com', '2020-02-29 16:40:30'),
(480, '804d247adee5eafbebedb5a87c275fd8a56bf9c974509144362aa1d6ce7a01ee7397950f43dbd05c11ef835d37dbc1eb6c0ec919f1849cb0e889bf979679163f', 'admin@admin.com', '2020-02-29 16:42:26'),
(481, '30aaa9029a88c41d4101df61643cf4f27f8647b4361f50799b6f1defbed4b7ad9c28f611ca39291808a9ed8cd2969ab5c381fad9903543fa85168c5dd91655f1', 'admin@admin.com', '2020-02-29 16:42:30'),
(482, '11a4902b6f9c3ee1de3c926bb9a94ea22d1d08218ccaa24b39740adf707eda58041be21697bcc44e1ffaa5a5fbbd96708112ab93da77420d3319461dde98025c', 'admin@admin.com', '2020-02-29 16:56:48'),
(483, '706c1c3168cfb329be0bc8d3d631a906b0d1a4b9266dc3f7ea0a20e4e9273d7be09546b9a26fb942a7c0eebb18eb819b34f0bbc7c92b493983bd2b7d8492bcd1', 'admin@admin.com', '2020-02-29 16:56:52'),
(484, '8c546c4b49ec0b1a824ee2f5bed94b009434099439dc14734edd56d6cd81d0a911c209bb6421695c9e0b829fa8f78879b9f86a8b93ad73cb187e0a26400c0e27', 'admin@admin.com', '2020-02-29 16:59:16'),
(485, 'b47e9c48968372414cbbc71dd60eb5a27a4a3c72eeb4111b2b5ff1da98fec667cc81a6e2a485a8217be7a7bfe94e715331a54e10935c5e04fd0c70b5ee8f46ce', 'admin@admin.com', '2020-03-01 09:08:59'),
(486, 'ee59231895c97d5816e46aa10e93696614a36c5e975932933684f8dfb5cbbea38ad3f4a1468e79b712f3419e5724077918069ec82dd901ce6734c4be7e23d2ce', 'admin@admin.com', '2020-03-01 09:32:14'),
(487, 'b83dbf8e958a1ff16d48095230088911111dba125718f5c116862cf950a5ccc97186cb32cf551ae24f379deb32d1343b397022d8ccdcd7b917013e61f9ad4a6e', 'admin@admin.com', '2020-03-01 09:34:54'),
(488, '69c41de645eff1359c4132df1bd01395b0d412c91d5cef2a7f858887badacfb562aeb0e384a62d2e1b62c0a171123339a5972282172e59fc5d97d96725fa50e0', 'admin@admin.com', '2020-03-01 09:42:36'),
(489, 'bfd86a87d798adb9926a1fe182915ca39451dfcbd62427142d9ab7cf7c81b3157db7b0607bf524a2926d2398b18a2594dc45d34a78657280fcbd1ce156b271bd', 'admin@admin.com', '2020-03-01 09:48:08'),
(490, '10caaafbb2d3c34c280cc815cd44b1e742a2cc15624aff41e0db8d4d4b701144ad29647089de2f6082aec9dd07d5c442a9a467c82b153e8a4b1f61c8cc9b41f4', 'admin@admin.com', '2020-03-01 09:48:11'),
(491, 'b1079e479ad89c94af4c3ac0ea0bc5a4d9ff4af29282d940ca28ca70ec88f5b414099b3b16dd87442924a1927f93c6a41ce6a16a87fc920f978f585725536f2c', 'admin@admin.com', '2020-03-01 09:51:14'),
(492, '6e660588cfa76cb811792705ace46073a743ec903f7a7bba151e51ee538932ade0f86ac9637064411954d40ef4c16ca7826a5bf2d96b7d2271442bd176acdbe2', 'admin@admin.com', '2020-03-01 09:53:11'),
(493, '04e70d328876807cc689f87bb356f46feddc6b24796a2567261742d1439d4f2cecb4b4c43bcf541f1bf0ac064aec155fd556f97bd883bbbae7fc34d76af52db1', 'admin@admin.com', '2020-03-01 10:01:17'),
(494, '3c35d453393e4cd72136ca995013c352419edbaa9eb5c5c24dde1de4536f27a33beba1723063fca1956e38bfb502ef7836efa1621938c2475f070bf878989e8a', 'admin@admin.com', '2020-03-01 10:08:30'),
(495, 'e525fbe10b4983c770d0e6d9a70543d4e90e55ca7002f9fb0e49019bfd638c6ed3b945d323157523e36a6329aa0d5a57a8cee6bc7e339d8aae344bfe3487e8f9', 'admin@admin.com', '2020-03-01 13:34:58'),
(496, '9edb5cbdde1b3ada7c2c569231594fb9c328b25ed4e524c28d7f0d27cedf786073d8d6a4242fbcb7d28df97e19569cac69d24ab936d18ed0ee7f098ed467793a', 'admin@admin.com', '2020-03-01 13:35:00'),
(497, '0358fe96b6e297c553391f29155eb6c85ae4c66d9d42d1d901a410220edfe4daced6362c4d0b7cf8a79d27c9b35ecaf0b9598edfad1a48dcf21b49d6db597f6a', 'admin@admin.com', '2020-03-01 14:22:15'),
(498, 'f56e8ad7014fa317ff416dcaaafa752283dde68af8fecf3f9cd1d755f6fef230c231a7d0481b8607f836a88f6fb0968d3e065533030d301a579aa3ff738ba743', 'admin@admin.com', '2020-03-01 17:27:09'),
(499, 'f2816b33818231ea7b56d5e3076a7125bcc4a7d62cea18be00098ee44ce8910f3fd548085b9d5d37f5939db4b4ce2c18dae2336b4527617ff96811c88f3084d4', 'admin@admin.com', '2020-03-04 09:44:47'),
(500, '9ac8896f2f6d254b74f7aff88f4bbbdb6021f1ca5e46338cfb34e20bf74988981c53f83d8f2ffdd96cbb2b1c693c23aa742a9de150f2a44ab690508fd0b11b48', 'admin@admin.com', '2020-03-04 11:30:54'),
(501, '1cd5ec6b7ad1ceec4fe13b997d108e9bfb83b36d793d6f6b495731969811c9d55291f9c796e4951cbed31277d87b169fb252c316f5b665e84025aed0bfe7a48c', 'admin@admin.com', '2020-03-04 11:32:37'),
(502, 'f8d35aca8b91e3bbfa9dc1a9e456ad75edb1e3bbb02360e54b333c31de4e46f47c94a5799fa823d6e72578c6a730572cefff9d25ba87a6746db3c2b54cfc4351', 'admin@admin.com', '2020-03-04 13:17:21'),
(503, 'ce81d08bd9833846c50eb7ed39aa207021eeaa193f12002cbd35924c4a223ad9da1fdb285498e422fc102d5d84b47aabb07f40e4a1903d8704a751c4f418e03f', 'admin@admin.com', '2020-03-04 13:19:57'),
(504, '5d334f6496bdd29c4a10d7c232cf90cac849f7b0717b526d3f90add26bde2397146ad079b138055650c1814a1b3835b7bf5da1cdcdf3b264fc7a31d0a56a5f1c', 'admin@admin.com', '2020-03-04 13:31:52'),
(505, 'e0b8e9e7a15e2e410634026387f00189f0da36af039e46ea433b1bde0131dda02ab7014556ec3dc5737280262aec9dbf68f40ff37bf30f216d4bcde0d7088f99', 'admin@admin.com', '2020-03-04 15:44:43'),
(506, '0f0e2a98545d83e2522324fc216aac9305212e792e32bf3d2fb42d61b17d91d6d51175f6af6b0a079f072226aa7f8dc67c2eb4d9cf1255090898acc2c19d1938', 'admin@admin.com', '2020-03-05 09:08:08'),
(507, '9b43f95b8aae4b90a895a599558bbb771733d03a7f60eec2af1769e52d479fa0a19b5d53b724201f9ba86c9a4bffe6aff7e1c9250b9e1184c75ec321ba0e5dde', 'admin@admin.com', '2020-03-05 10:20:52'),
(508, 'd82978fbcc0a2751959c370b53755a5894fa355efbad67ac0840154aff1c60499f7f13fef30105e5029840741329fcaf67f3865cfd8ee9b0c130ef2d1ebb993e', 'admin@admin.com', '2020-03-05 13:03:33'),
(509, 'f0f74c88e07b485a47ccc6bfabbe3e23cc4a57b76591c7c10fcf0883e9ed4042ef28ceaf43a18c8a7647538c639c1d3d4a8a9eae265e31801245290e229d0b0c', 'admin@admin.com', '2020-03-05 14:15:17'),
(510, 'b9f5552643973fa5c752d439e9b9e44ef62f71949914de339101ce7998b4c211f52766f93a13082e165309dd9b70e9d5cbd2fcbc7666f7e7dc634a03c4285508', 'admin@admin.com', '2020-03-05 14:17:29'),
(511, '63de578d32916654e27b807420f88dc7e859a8d62223344754b466b0e133231231592994d3ef9e1224a8c8e8f40775597b0b76120a7191bcce2d3778fa755e62', 'admin@admin.com', '2020-03-05 15:42:45'),
(512, 'a2727ed7be8658870091e26c76cd7f9f4da0830fe29b7db9112adb24e5345f94ba0d3819e4b8e7c7fe82c29e936f6c644087fc4e4590e4ec8fd68d6a7ac6185a', 'admin@admin.com', '2020-03-06 08:52:55'),
(513, '6a3e43f18799cd0d924abb4cbd8d53be4744a50755195449f0b127c940a262ef2ace0f9b4088d00bcc417448004b5f9c40645c616cebc91078f8f33e2b209473', 'admin@admin.com', '2020-03-06 10:30:31');

-- --------------------------------------------------------

--
-- Structure de la table `salaire`
--

DROP TABLE IF EXISTS `salaire`;
CREATE TABLE IF NOT EXISTS `salaire` (
  `id` int(11) NOT NULL AUTO_INCREMENT,
  `contrat_id` int(11) DEFAULT NULL,
  `salaire_brut` double NOT NULL,
  `salaire_net` double NOT NULL,
  `prime` double NOT NULL,
  `date_debut` datetime NOT NULL,
  `date_fin` datetime DEFAULT NULL,
  PRIMARY KEY (`id`),
  KEY `IDX_3BCBBD111823061F` (`contrat_id`)
) ENGINE=InnoDB AUTO_INCREMENT=27 DEFAULT CHARSET=utf8mb4 COLLATE=utf8mb4_unicode_ci;

--
-- Déchargement des données de la table `salaire`
--

INSERT INTO `salaire` (`id`, `contrat_id`, `salaire_brut`, `salaire_net`, `prime`, `date_debut`, `date_fin`) VALUES
(16, 41, 222, 8888, 4222, '2019-12-16 00:00:00', '2019-12-15 00:00:00'),
(17, 42, 12200, 200, 222, '2019-12-09 00:00:00', '2001-05-18 00:00:00'),
(18, 43, 1200, 15220, 455, '2019-12-22 00:00:00', '2019-12-17 00:00:00'),
(19, 44, 1200, 1100, 100, '2020-01-06 00:00:00', '2020-01-22 00:00:00'),
(20, 45, 1200, 1300, 4222, '2020-01-20 00:00:00', '2020-01-07 00:00:00'),
(21, 49, 1400, 1500, 1200, '2020-01-30 00:00:00', '2020-01-28 00:00:00'),
(22, 49, 1400, 1500, 1200, '2020-01-30 00:00:00', '2020-01-28 00:00:00'),
(23, 50, 4111, 555, 4222, '2020-01-28 00:00:00', '2020-01-20 00:00:00'),
(24, 51, 555, 555, 555, '2020-01-21 00:00:00', '2020-01-22 00:00:00'),
(26, 55, 2000, 12000, 4522, '2020-02-19 00:00:00', '2020-02-19 00:00:00');

-- --------------------------------------------------------

--
-- Structure de la table `sous_categorie`
--

DROP TABLE IF EXISTS `sous_categorie`;
CREATE TABLE IF NOT EXISTS `sous_categorie` (
  `id` int(11) NOT NULL AUTO_INCREMENT,
  `categories_id` int(11) DEFAULT NULL,
  `libelle` varchar(255) COLLATE utf8mb4_unicode_ci NOT NULL,
  PRIMARY KEY (`id`),
  KEY `IDX_52743D7BA21214B7` (`categories_id`)
) ENGINE=InnoDB AUTO_INCREMENT=15 DEFAULT CHARSET=utf8mb4 COLLATE=utf8mb4_unicode_ci;

--
-- Déchargement des données de la table `sous_categorie`
--

INSERT INTO `sous_categorie` (`id`, `categories_id`, `libelle`) VALUES
(10, 2, 'Maîtrise 1'),
(13, 3, 'Exec4'),
(14, 5, 'M22');

-- --------------------------------------------------------

--
-- Structure de la table `type_exp`
--

DROP TABLE IF EXISTS `type_exp`;
CREATE TABLE IF NOT EXISTS `type_exp` (
  `id` int(11) NOT NULL AUTO_INCREMENT,
  `libelle` varchar(255) COLLATE utf8mb4_unicode_ci NOT NULL,
  PRIMARY KEY (`id`)
) ENGINE=InnoDB DEFAULT CHARSET=utf8mb4 COLLATE=utf8mb4_unicode_ci;

-- --------------------------------------------------------

--
-- Structure de la table `user`
--

DROP TABLE IF EXISTS `user`;
CREATE TABLE IF NOT EXISTS `user` (
  `id` int(11) NOT NULL AUTO_INCREMENT,
  `poste_id` int(11) DEFAULT NULL,
  `departement_id` int(11) DEFAULT NULL,
  `email` varchar(180) COLLATE utf8mb4_unicode_ci NOT NULL,
  `roles` json NOT NULL,
  `password` varchar(255) COLLATE utf8mb4_unicode_ci NOT NULL,
  `matricule_hr` varchar(255) COLLATE utf8mb4_unicode_ci NOT NULL,
  `nom` varchar(255) COLLATE utf8mb4_unicode_ci NOT NULL,
  `prenom` varchar(255) COLLATE utf8mb4_unicode_ci NOT NULL,
  `adresse` varchar(255) COLLATE utf8mb4_unicode_ci NOT NULL,
  `num_telephone` varchar(255) COLLATE utf8mb4_unicode_ci NOT NULL,
  `cin_passport` varchar(255) COLLATE utf8mb4_unicode_ci NOT NULL,
  `etat_civil` varchar(255) COLLATE utf8mb4_unicode_ci NOT NULL,
  `image` varchar(255) COLLATE utf8mb4_unicode_ci NOT NULL,
  `copie_identite` varchar(255) COLLATE utf8mb4_unicode_ci DEFAULT NULL,
  `date_naissance` datetime NOT NULL,
  `created_at` datetime NOT NULL,
  `updated_at` datetime NOT NULL,
  `nbr_enfants` int(11) DEFAULT NULL,
  PRIMARY KEY (`id`),
  UNIQUE KEY `UNIQ_8D93D649E7927C74` (`email`),
  KEY `IDX_8D93D649A0905086` (`poste_id`),
  KEY `IDX_8D93D649CCF9E01E` (`departement_id`)
) ENGINE=InnoDB AUTO_INCREMENT=57 DEFAULT CHARSET=utf8mb4 COLLATE=utf8mb4_unicode_ci;

--
-- Déchargement des données de la table `user`
--

INSERT INTO `user` (`id`, `poste_id`, `departement_id`, `email`, `roles`, `password`, `matricule_hr`, `nom`, `prenom`, `adresse`, `num_telephone`, `cin_passport`, `etat_civil`, `image`, `copie_identite`, `date_naissance`, `created_at`, `updated_at`, `nbr_enfants`) VALUES
(1, 23, 21, 'admin@admin.com', '[\"ROLE_USER\"]', '$2y$12$I5O9u6cAVBP0I6iOcIs8qeZ/8bVvC57dxJQ/doUtR5Ij6UU1bwV3e', 'admin', 'admin', 'znaidi', 'admin', 'admin', 'admin', 'celibataire', 'a3cebbff77ae5ef9503ff1545b03c5d10a2371cb.jpeg', '', '2020-01-17 17:04:02', '2020-01-17 17:04:02', '2020-01-17 17:04:02', 2),
(2, 24, 21, 'admin1@adminn.com', '[\"ROLE_USER\"]', '$2y$13$mstzLE/uFLOaGyhmqHMpf.rm0WkxTxX0dh0Nd5bA10p.GLaFryUtC', 'eefff112', 'hello', 'znaidi', 'kélibia', '52038526', 'admin', 'celibataire', '7b614014ee5b1837b2610d082278e51a7928bc9c.jpeg', '', '2020-01-16 15:56:42', '2020-01-16 15:56:42', '2020-01-16 15:56:42', NULL),
(3, 31, 21, 'curva_sud_tunisi@hotmail.com', '[\"ROLE_USER\"]', '$2y$13$V4N.MKFUQENhfoHBYmDCHOzb8qOMGETn3K2wH8e3wVNTCYObTFuSO', 'fffff', 'mahdi', 'znaidi', 'marseille', '0146077395', '09816232', 'celibataire', 'e371033ac424b3b645ec0e9a2503717cc3f987fd.jpeg', '', '2019-12-06 15:38:03', '2019-12-06 15:38:03', '2020-01-23 11:48:21', NULL),
(17, 29, 24, 'curva_sud_tunisii@hotmail.com', '[\"ROLE_USER\"]', '$2y$13$HlmJJctobJZ0P18P/y6SdueVimOreb1Ygbm.xt8kmwltl.5dRD.Zi', 'fffff', 'mahdi', 'znaidi', 'marseille', '0146077395', 'admin', 'marie', '6ed53cd93470102b8081aae8a3e008a8a6e39c79.jpeg', '', '2019-12-06 13:37:06', '2019-12-06 13:37:06', '2020-01-23 11:48:41', NULL),
(19, 22, 23, 'mahdi@admin.com', '[\"ROLE_USER\"]', '$2y$13$iZc0TYf/OP1hwginzAU1b.Q6vUiT/QdGXGP0YaeLCb90n4cBypT1i', 'fffff', 'admin', 'admin', 'admin', 'admin', 'admin', 'marie', '42b5040a3ea77f8a8b8d2aafd158f8e7759e3779.jpeg', '', '2019-12-11 12:26:24', '2019-12-11 12:26:24', '2020-01-23 16:52:15', NULL),
(20, 26, 21, 'mahdii@admin.com', '[\"ROLE_USER\"]', '$2y$13$gz/6J4DdAGVl3CjIV42HdeM0U403uKqnjaprv5A4GmtRFaqZ9omgC', 'fffff', 'admin', 'admin', 'admin', 'admin', 'admin', 'marie', '8a859bfab6163ee98ba988d0782ca108edcf8c68.jpeg', '', '2020-01-20 11:17:49', '2020-01-20 11:17:49', '2020-01-23 16:52:15', NULL),
(23, 23, 15, 'mahdyuui@admin.com', '[\"ROLE_USER\"]', '$2y$13$kUnkMUFTezjwVWRPzrITJuCPHBew5KkcQQZg9tEchzdrugOwLPbzC', 'fffff', 'asma', 'ben salem', 'admin', 'admin', '842266555', 'marie', 'c7373d7b7e65514e83198e55243638327fafff37.jpeg', '', '2020-01-20 12:09:05', '2020-01-20 12:09:05', '2020-01-20 12:09:05', 3),
(24, 26, 21, 'holahola@hotmail.fr', '[\"ROLE_USER\"]', '$2y$13$FWJ/wgee.okqzzEmOY/vxOenWwoZfeQG1aB4MJX.cKJzAVnEd.Cpu', 'fffff', 'admin', 'sdssdsd', 'marseille', '0146077395', '09816232', 'celibataire', '3e1bdfdd21dfb74063ea092f03199be50c79628c.jpeg', '', '2019-12-11 15:07:25', '2019-12-11 15:07:25', '2020-01-23 16:43:21', NULL),
(26, 27, 22, 'mahdyussui@admin.com', '[\"ROLE_USER\"]', '$2y$13$Qk/NARUbvA0TSu958h09Cet8RceA32Pp6I6SIi1.OTDq.rlZV25PG', 'fffff', 'admin', 'admin', 'admin', 'admin', 'admin', 'marie', '01e485641cf66e91daaa9fc7aeb264a51002c5da.jpeg', '', '2019-12-12 10:42:31', '2019-12-12 10:42:32', '2020-01-23 16:54:22', NULL),
(51, 22, 15, 'holaaa@admin.com', '[\"ROLE_USER\"]', '$2y$13$oTD83R5EwWsz5UFOM5RMfekxWwor5nuh2pQCH99XzcavUVn44HByu', 'fffff', 'Fawzi', 'Brahmi', 'kélibia', '5222255', '09522333', 'celibataire', '6178e7bf8a5e1f52ae317d8df6960f78873d0cd9.jpeg', '', '2020-01-20 10:08:44', '2020-01-20 10:08:44', '2020-01-23 11:48:41', 4),
(53, 23, 21, 'aabbbbaadmin@admin.com', '[\"ROLE_USER\"]', '$2y$13$jl9wDpULjICPoCZNn4xUX.zz3/qpULujWFXdFDPlj4q/yKjXb//1W', 'fffff', 'adnnn', 'znjjjjjj', 'mmmmm', '44444444', '09555555', 'celibataire', '2a1c892b11dcb353765cf39aaf98d161f04b5450.png', '', '2020-01-17 11:20:30', '2020-01-17 11:20:30', '2020-01-17 11:20:30', 2),
(55, 24, 15, 'admssss@admin.com', '[\"ROLE_USER\"]', '$2y$13$BetJ.2SbYb./RaXRgy11weX9jCL/6wnTC8iN44wtZSE20JYn6.XiW', 'fffff', 'mahdii', 'bnnn', 'mmmmm', '014607739545', '09816232', 'marie', '95c6f77a7bc4bd3b4e175ce1a4b007611ef7a387.png', '', '2020-01-16 15:28:58', '2020-01-16 15:28:58', '2020-01-16 15:28:58', 2),
(56, 23, 23, 'adminn@admin.com', '[\"ROLE_USER\"]', '$2y$13$QhbRPQQB3pzu39QePBJao.of2tcV5aPOnKHfwIfa1RI8fXZAdHcyi', 'fffff', 'mahdi', 'znaidi', 'mmmmm', '255555555', '09816232', 'celibataire', '1e2323cc56b3a28b36eb4e6b189a15a917a3de30.jpeg', '', '2020-01-15 09:59:09', '2020-01-15 09:59:09', '2020-01-23 16:43:21', 12);

--
-- Contraintes pour les tables déchargées
--

--
-- Contraintes pour la table `categorie_contrat`
--
ALTER TABLE `categorie_contrat`
  ADD CONSTRAINT `FK_3FB737311823061F` FOREIGN KEY (`contrat_id`) REFERENCES `contrat` (`id`) ON DELETE CASCADE,
  ADD CONSTRAINT `FK_3FB73731BCF5E72D` FOREIGN KEY (`categorie_id`) REFERENCES `categorie` (`id`) ON DELETE CASCADE;

--
-- Contraintes pour la table `contrat`
--
ALTER TABLE `contrat`
  ADD CONSTRAINT `FK_60349993A76ED395` FOREIGN KEY (`user_id`) REFERENCES `user` (`id`);

--
-- Contraintes pour la table `diplome`
--
ALTER TABLE `diplome`
  ADD CONSTRAINT `FK_EB4C4D4EA76ED395` FOREIGN KEY (`user_id`) REFERENCES `user` (`id`);

--
-- Contraintes pour la table `document`
--
ALTER TABLE `document`
  ADD CONSTRAINT `FK_D8698A76A76ED395` FOREIGN KEY (`user_id`) REFERENCES `user` (`id`);

--
-- Contraintes pour la table `experience`
--
ALTER TABLE `experience`
  ADD CONSTRAINT `FK_590C103A76ED395` FOREIGN KEY (`user_id`) REFERENCES `user` (`id`),
  ADD CONSTRAINT `FK_590C103C54C8C93` FOREIGN KEY (`type_id`) REFERENCES `type_exp` (`id`);

--
-- Contraintes pour la table `salaire`
--
ALTER TABLE `salaire`
  ADD CONSTRAINT `FK_3BCBBD111823061F` FOREIGN KEY (`contrat_id`) REFERENCES `contrat` (`id`);

--
-- Contraintes pour la table `sous_categorie`
--
ALTER TABLE `sous_categorie`
  ADD CONSTRAINT `FK_52743D7BA21214B7` FOREIGN KEY (`categories_id`) REFERENCES `categorie` (`id`);

--
-- Contraintes pour la table `user`
--
ALTER TABLE `user`
  ADD CONSTRAINT `FK_8D93D649A0905086` FOREIGN KEY (`poste_id`) REFERENCES `poste` (`id`),
  ADD CONSTRAINT `FK_8D93D649CCF9E01E` FOREIGN KEY (`departement_id`) REFERENCES `departement` (`id`);
COMMIT;

/*!40101 SET CHARACTER_SET_CLIENT=@OLD_CHARACTER_SET_CLIENT */;
/*!40101 SET CHARACTER_SET_RESULTS=@OLD_CHARACTER_SET_RESULTS */;
/*!40101 SET COLLATION_CONNECTION=@OLD_COLLATION_CONNECTION */;
